case_id,WT_energy_mJ,Frank_energy_mJ,shape_error,blocking_force_mN,peak_stress_MPa
1,2.346936492734822,0.1879946946972906,0.03730587768710176,38.959474760063394,0.8275039600396834
2,2.0635967786420846,0.26022707694942987,0.05167722055394745,39.414428941893654,0.7657726683626902
3,1.5558025755204068,0.2255610166641538,0.07280598999249616,34.426045078617044,0.6741877028169702
4,1.076885356872727,0.18075635347427824,0.07878539505347332,28.960845440462386,0.6457544201899322
5,1.2662000147968107,0.34986044028423713,0.08026734676773842,35.25662316423805,0.7103290154846461
6,1.7680639513462784,0.33543833864548267,0.06345964702622836,37.59331401286465,0.7665391589871072
7,1.1887225911866677,0.3239502559257338,0.06687134826221264,33.72273760880875,0.6821655219832314
8,0.9829516001739036,0.24400112031533705,0.07929004550531558,32.20952629934715,0.657978519374358
9,2.350345828819812,0.430355255371919,0.037248422083282114,42.0690249173301,0.7765596435708965
10,2.28734135498465,0.4807330986135266,0.040990709473312174,43.09350884716922,0.8912737941469917
11,0.9593263156737166,0.18592451855623107,0.07710842887809537,28.10828737086471,0.6433051086272022
12,1.5103567166141783,0.42905687043695756,0.05829967617628387,36.676881809317265,0.7462910468801958
13,2.227982109366394,0.3535505341847563,0.03870549103460664,40.65664792572608,0.8318102959756472
14,1.108071796180303,0.520352345812286,0.05794005049852322,36.644155897767305,0.733124067317244
15,2.3085250058797095,0.28663855108010394,0.04165565909149775,40.881170062283765,0.8493660353312205
16,1.7493344685184806,0.3765524731415627,0.055514699355237764,36.92723416471702,0.7458553503161499
17,1.9748421329231705,0.09789998836206813,0.04058699796095762,37.50520743895145,0.7341987464012103
18,2.373063873760751,0.17564453267421654,0.05008603046860383,40.86061876760833,0.8164669132053224
19,0.9336297636303321,0.4592362228630761,0.05598763947215126,34.674612559521755,0.7087270871391257
20,0.9203719641700605,0.37250742369058754,0.07098887254407392,32.07887769854534,0.6695361190625722
21,0.8486431036827966,0.10136650512816173,0.08917968738386153,27.24852354422296,0.6106533863339461
22,0.8566302092864734,0.38981184589926293,0.08122919935794629,29.766516382006166,0.6439134493295084
23,1.438240331337592,0.4525493667128262,0.07318118245430769,37.67941966861419,0.747911120382729
24,0.9907679528517367,0.33386931016852206,0.08667467640240466,30.87644479591385,0.6855805244920024
25,0.8837639948093428,0.2835000337613314,0.08678389988482413,30.007634478488388,0.6216980244657071
26,2.256969364573979,0.09348565789907115,0.027547925233046867,40.37046814959973,0.777388029817544
27,1.0735625309707475,0.17066674169459084,0.06018899945322402,30.69953574463529,0.635175035765997
28,1.3028613477279174,0.17510991807925746,0.06960340320190092,32.83227862330628,0.6641543885535021
29,1.0727805854258183,0.44034851547895115,0.06470448376094158,34.271085325575164,0.7105547024919668
30,2.0299001394408176,0.29406847624869553,0.0569390004736986,39.10465049860201,0.8247196562206166
31,2.1399394600486437,0.39019873427071405,0.043894408609717196,40.75970770860997,0.8481762391915246
32,1.399325751929715,0.44064462363145784,0.06157068551732552,35.596537484597164,0.7329030427895923
33,1.4231101423914223,0.4833985682932368,0.057295794187517984,36.28154821997286,0.7537270783260764
34,1.9776694680898805,0.49310064168493273,0.02800078745856526,41.21875777959716,0.7908350491088737
35,1.1343009698651643,0.3658331552241599,0.07598147680870186,32.94637970360598,0.6354424745136313
36,1.6282321220140235,0.4312813340975314,0.04754995834921149,37.62122931386693,0.7210470594386249
37,1.0302823858734338,0.5470431593856815,0.06622549433166756,34.40587730841689,0.7502679697330593
38,1.0358957140896434,0.4113086554843741,0.06376446469935067,32.12175490131243,0.7026205385879362
39,2.2941548733623227,0.40895388260247745,0.028851129689548262,40.403547019799376,0.843135100495
40,1.6990440920558925,0.23189730483323906,0.0695400730202246,37.1257592320689,0.7105425064155185
41,2.0072438218277284,0.3088864976503895,0.047602400614901105,38.21071374468842,0.7990451232143247
42,1.877268740182293,0.22116446153847447,0.06904487847705768,38.500119878147,0.7802193756117397
43,0.8588353135060033,0.14972266123468075,0.09109379823949271,31.45823525915813,0.6156632444859278
44,2.128421139467817,0.4463480103286881,0.03180071409617557,41.90066889130881,0.8459868234383873
45,1.9447992150652686,0.08822044421341657,0.061355948900130325,37.07669503117888,0.7174235229347197
46,1.5986505083760942,0.4738122663702705,0.052308258296996334,37.26549607408521,0.7740884410960931
47,1.5128715644805681,0.12190508467553246,0.06878547937262426,32.467659902746625,0.7056369629355271
48,1.242907279056707,0.215801259687179,0.0711198845472392,32.17734416892401,0.6441751046278354
49,1.0195335203718634,0.4451875195284178,0.06453412149583403,32.1202291430585,0.7093318064815329
50,0.9603048429335406,0.4948708089694697,0.07346379632656327,33.245918268900404,0.6903447094599269
51,1.803064008730305,0.15352399816003431,0.055248585177347945,35.08320119377172,0.7240403416213249
52,1.237662687935985,0.5098196938666356,0.057358187337161144,36.137312938026504,0.7166786959795722
53,1.991412407070603,0.08606249495784926,0.059876737224102194,36.13014064827267,0.7333393209760003
54,1.333164397891891,0.08491350586071127,0.07430794847470533,31.493874599478364,0.6515984892001132
55,1.8013711401267714,0.24488619001890483,0.05114366152909198,38.4441224064999,0.7464762213037743
56,1.9794402185551079,0.2659290630427374,0.03682269340419534,39.087077008059815,0.8106915305780173
57,2.362723424854657,0.23285213675501593,0.04688450979567119,40.781769628722586,0.8065849268080927
58,1.0014494578628736,0.1462601748868277,0.08555141312472045,30.627558940331607,0.6498477539767472
59,2.340068862230546,0.3618029468422758,0.0374857234583151,41.97270645331015,0.7861010483763274
60,1.9587073357636875,0.1701403907733513,0.055688050619133754,37.11085650625135,0.7444819252568153
61,2.1562852818324796,0.14976257422036282,0.05517897227560177,38.80860526093652,0.764595029499615
62,1.6816311173840304,0.3998615725706102,0.058843947616606475,38.08941222912291,0.7633874785641579
63,2.114586154589083,0.4844155155470491,0.04014244641407354,40.165916155687384,0.8409687408684151
64,0.8320190466403745,0.4496057710259145,0.0635832569219356,31.09454189670107,0.665380826948644
65,1.2145054599993903,0.26633205605469085,0.07415423317815448,32.84833769820392,0.6868223869712069
66,2.0789061062844003,0.1965971537836699,0.046596636901640925,37.977990926505846,0.7656209578551656
67,2.185581228670803,0.4341061321513674,0.039412221733867894,41.52008886313622,0.8813993992830544
68,1.3202087112966503,0.5392347523230574,0.05296998317907228,35.42648047624431,0.7331576432347997
69,1.3059486022585398,0.08655266929753991,0.06609472922076992,30.94989348058782,0.6492550405738088
70,0.9665762903115115,0.4260613678383347,0.08016349480321243,33.06764447144833,0.7236442905275442
71,1.5623136395513648,0.32168983216609537,0.060593016816762366,37.05985726813633,0.7109027290601183
72,2.1952293118868944,0.29031218376007584,0.059437018493986804,41.0988973450665,0.8125133100832037
73,2.2669263877918477,0.4689575318176723,0.0398937262710544,41.077982541860735,0.8574062049064785
74,1.1731291961108028,0.2142851737807308,0.06848630802058218,31.59587046727428,0.7124553685569712
75,2.18260719297012,0.09977029670299865,0.050758970430657815,38.33951219087727,0.7558979427473742
76,1.3605352659386987,0.36138160950450465,0.06482455774862156,34.844203992891906,0.7212628143289632
77,1.4465743814548204,0.2949535769362383,0.06394528363551527,36.45568842509336,0.7354263505765255
78,1.1772527551362597,0.11717058275356579,0.07743690636281303,29.210363235335993,0.6161940044066081
79,1.2000549123077033,0.14276754804069097,0.08324063175508896,32.44393543422505,0.6651594616666301
80,0.9793493910446712,0.4423635044971784,0.07416899002793374,32.57918191059558,0.6757083479410793
81,0.8700052736354267,0.16426294927497317,0.09158402112129552,29.592683432131487,0.6350980126595333
82,1.1408783817714294,0.3671914599120272,0.06801403038639534,34.648938275258544,0.6909564961226532
83,1.092599023068125,0.24541556510346613,0.08803536384378782,34.039406316270146,0.70328262387116
84,1.3212457616211124,0.14137765803299362,0.059955811316913105,34.51511822811517,0.6462693035285637
85,2.1239391679931536,0.13904879801579104,0.055887768146778316,36.54101039026349,0.7915005907499555
86,0.9151052980971639,0.4493642113520964,0.060074179897564986,30.259217565940546,0.68043187539857
87,2.2895100542213145,0.2689740938477011,0.04781357122123686,41.064214512855415,0.8052559121633678
88,1.5936078177286563,0.22428651987746728,0.0660758886824604,37.57508331566705,0.7640150321982079
89,1.4404322732501804,0.48550216953961484,0.0545132930790865,34.85692314544943,0.7766960243977008
90,1.3249707013610617,0.5124345372782388,0.06041467595468769,36.02231413328991,0.7777659424515222
91,1.8438338041322173,0.5035809049600076,0.04926449880195573,39.4642777955886,0.814808796183665
92,1.603284446433844,0.17889014910397505,0.051823043497399995,35.490360455183826,0.7130590447065547
93,1.6865668156031948,0.2411254588768601,0.061465152535338845,36.43614479840269,0.7316293442269255
94,1.0270816822712638,0.4277216125903906,0.06647011566501061,32.78992960789773,0.6604581362765372
95,1.0891468520093361,0.15369039378361382,0.09010108382575902,30.022825062134178,0.6839465120754503
96,2.1557293405350024,0.2109388683164931,0.05868534479279369,39.31694166462904,0.7673373282485347
97,1.4341802389107514,0.08319721680342634,0.07465449048757847,30.93122048921276,0.7004133806949979
98,1.4730601421982898,0.25405865735835526,0.06056311478749549,32.898532638928536,0.6699045706804856
99,1.891037683561522,0.18751088375277458,0.067473992635352,39.20236733502522,0.7915728430171273
100,2.124874325538449,0.10635937573949095,0.040993500788771856,38.67461388218027,0.7172496396832361
101,0.9297020444466043,0.22919723286666804,0.0729673113395324,29.4027729385354,0.6805711857719176
102,1.0333564959811747,0.27257162364724374,0.07698332692761498,32.17561777788742,0.6736904643887694
103,1.7196719960082507,0.26419638131401124,0.049835929764818626,35.82903415262757,0.773602153344575
104,2.0145845471106902,0.36137320595384187,0.04837273696889683,41.77571375688129,0.7626961174899132
105,2.0033285138751387,0.4959960448198246,0.04967477679516246,41.97606037800248,0.8086080247390688
106,1.2091352349439792,0.4216716518334522,0.06164166917014486,35.22761783189532,0.7271080033781508
107,2.1877271845045403,0.39958662869742806,0.0438522132083807,42.16069306498935,0.8933037683505823
108,1.2032289603484503,0.39813518073914705,0.06348888234732974,34.372307312118444,0.7247444370847556
109,1.9386796408438012,0.18373172559428652,0.04664331082202788,38.04726004899333,0.713420355442234
110,1.3995992533426167,0.09331704442467977,0.0760599485612451,31.07429035661894,0.7161370758893508
111,1.8707234554161103,0.1471221654665415,0.05146460883989141,36.47318135740043,0.7343800241623218
112,1.099990516083224,0.4558002125837986,0.05934270827271315,34.795328218993234,0.7215254679571874
113,2.173989537477542,0.09270863303717969,0.05665264104436186,36.40268296513695,0.7749679692823578
114,0.982661278638598,0.5372134546038058,0.07346068291253802,34.012439686206854,0.7083121811705978
115,0.8817317835863125,0.35820721005139594,0.06617082354378113,32.13126873525629,0.630185006566888
116,2.164750567443817,0.22287760580035348,0.0431793721552114,40.63172784684609,0.8529301390503777
117,1.7129729478326756,0.26575129827843863,0.05700944063174642,36.924543423726675,0.7468764719580528
118,2.386769340060192,0.11182077914199415,0.04530199486784713,40.171750078956904,0.7444257301294732
119,1.0447854103573562,0.5027858835082337,0.07316939303239582,33.9593524032456,0.6678909395759761
120,2.376432537740471,0.3649100159155134,0.040303030104777295,42.750417360877954,0.8189887003189937
