model,case_id,shape_MAE,blocking_force_MAPE,stress_MAPE,director_angle_MAE_deg,pitch_MAE_mm,equilibrium_residual,runtime_relative
B0 effective E(T),1,0.0771743364579862,0.20728704765020498,0.1547422541499794,0.2,0.14213452058339,0.007469559652076413,0.6847420683102955
B0 effective E(T),2,0.13617231436164154,0.20178420706192293,0.15179120175204547,0.2,0.15542853600799644,0.014073067618525194,0.5800433175297793
B0 effective E(T),3,0.08124283259782694,0.2124395123457933,0.14063775065049786,0.2,0.15001971290701246,0.009907970929032658,0.6806314189256151
B0 effective E(T),4,0.11656943331624843,0.19706522366295878,0.16655459738619033,0.2,0.17032504081290686,0.012201397257787554,0.5517197592600903
B0 effective E(T),5,0.125093834484481,0.17891188103303202,0.1319829483327598,0.2,0.129040582933164,0.010475162070950193,0.4679411400664799
B0 effective E(T),6,0.10995490837251104,0.19644942602049822,0.17112179188821824,0.2,0.14424931651050396,0.011167904127105213,0.42541007645012313
B0 effective E(T),7,0.1300797722726132,0.18030116995222634,0.16969037575297746,0.2,0.13583344079461795,0.013736696008398212,0.4743187482901662
B0 effective E(T),8,0.1083318565185092,0.11892669588361016,0.16703044098526865,0.2,0.14438967754176793,0.01168320936792039,0.5410884711142651
B0 effective E(T),9,0.1303552690943699,0.21201291370873138,0.17580307055324595,0.2,0.15379413722233812,0.012829918044094779,0.4522954190498784
B0 effective E(T),10,0.10636982280049408,0.17496339497176663,0.12289566118662991,0.2,0.14735591841037843,0.014342216389650917,0.3733917323749104
B0 effective E(T),11,0.10640887256741564,0.1508837697706154,0.1497488257419214,0.2,0.15981225317101863,0.010166799720812915,0.5442357149929561
B0 effective E(T),12,0.09533733375486668,0.1913605842531442,0.1271310546675087,0.2,0.1455556941394998,0.014484716997904993,0.45073062962785015
B0 effective E(T),13,0.1084263737158125,0.18665081234132444,0.14643730125532178,0.2,0.13253458356044595,0.01558575768323208,0.2
B0 effective E(T),14,0.08980398486231225,0.22834088472778236,0.17393127529067742,0.2,0.14005731880711933,0.014638754831533167,0.3536173792249111
B0 effective E(T),15,0.1045610397139937,0.16145632664900972,0.17551740607501715,0.2,0.12173670350397084,0.011242026371000411,0.21942393128844584
B0 effective E(T),16,0.09546918262632527,0.1776687563280359,0.1652112301985928,0.2,0.14130621773458218,0.00826973368197343,0.5543417758318575
B0 effective E(T),17,0.10165424722620411,0.1980201478034226,0.1758879718404101,0.2,0.13433632820323266,0.01351725871455651,0.41916800080207295
B0 effective E(T),18,0.11722213765387934,0.15963466093791592,0.16974013927851717,0.2,0.13380986571182085,0.012563960343712276,0.5829110138187135
B0 effective E(T),19,0.11730019302611944,0.15199892454726235,0.1792950401441133,0.2,0.14083817974904964,0.011607280975758784,0.48756445191091274
B0 effective E(T),20,0.11252585834140062,0.19926754152064585,0.15444827184651375,0.2,0.17135937020600994,0.011248985892493131,0.42223530710846835
B0 effective E(T),21,0.09519252112164946,0.1584939848433376,0.14148509940699788,0.2,0.1372328729438193,0.009722628756299105,0.5174970860968586
B0 effective E(T),22,0.1266839866871241,0.17614202038722537,0.16805477221096113,0.2,0.15871794800328207,0.011385782525682054,0.22546458034323164
B0 effective E(T),23,0.1041130090273898,0.14675215289256135,0.13064885065698753,0.2,0.15567893040520944,0.010466193820002734,0.41494872099228886
B0 effective E(T),24,0.1084675655777657,0.1701792956499282,0.1395352490057023,0.2,0.11404007221402483,0.00861519622978283,0.3234076317548001
B0 effective E(T),25,0.09538860072389184,0.21154199356492756,0.18588194261987617,0.2,0.14453786932942878,0.011275276945387241,0.5159064647571502
B0 effective E(T),26,0.11092737837521219,0.21527896086063664,0.21316540663409317,0.2,0.1486796062707862,0.009803011583809442,0.5692422860833852
B0 effective E(T),27,0.07494552066872621,0.1926727761668414,0.20113429269851807,0.2,0.13238452022360978,0.01371660276365734,0.5733798972171182
B0 effective E(T),28,0.11679062744051795,0.17195940466676268,0.18110603519773694,0.2,0.14078228109105992,0.011891107475956097,0.2825898362495546
B0 effective E(T),29,0.08572233473926634,0.16657161878902446,0.16511957994566046,0.2,0.15732694618145265,0.0110693674687316,0.3661563639995806
B0 effective E(T),30,0.07219964918263636,0.15859988604294153,0.14413478620805414,0.2,0.13562709351909952,0.013424042254918868,0.45284045772232023
B0 effective E(T),31,0.11197922535423832,0.16580949400133088,0.14295497291769235,0.2,0.12230740758947332,0.014532615131911352,0.3802250226030839
B0 effective E(T),32,0.1050107440101885,0.18810017088181677,0.15382659836669313,0.2,0.12309490055337317,0.012058610526740761,0.5097308619707926
B0 effective E(T),33,0.10684296501220751,0.14091830444695158,0.16653534700106884,0.2,0.13735567537361543,0.012950332655273365,0.58941648524807
B0 effective E(T),34,0.10832247456770148,0.16276848303699087,0.17072242349381783,0.2,0.14459128005131483,0.01439395344593615,0.3607092874750956
B0 effective E(T),35,0.12910763089684352,0.15338173797461263,0.13669377048709191,0.2,0.14003421250323317,0.013588730693278346,0.2838919502078306
B0 effective E(T),36,0.09135172936615445,0.17522563206704758,0.15226491018656357,0.2,0.15216628035516738,0.012918650898801719,0.5220034550816508
B0 effective E(T),37,0.08612804008269234,0.18048333174950779,0.1709927463861712,0.2,0.14374994701389324,0.011863521676750905,0.30240317249189
B0 effective E(T),38,0.09817657403840388,0.2080817129866667,0.17431721283444196,0.2,0.13641759086963184,0.014093719949298776,0.3336171882560035
B0 effective E(T),39,0.08993818739830671,0.19581191185733238,0.1482849331853433,0.2,0.11255548446592216,0.011988143748190207,0.5691986053955502
B0 effective E(T),40,0.128319183619709,0.16589277850347153,0.1601611839224408,0.2,0.1399020538461924,0.01198122226280614,0.4113129696530558
B0 effective E(T),41,0.11798958465075106,0.1726462280449473,0.18313422954691627,0.2,0.1190449021436997,0.014206096522323356,0.42646042029769127
B0 effective E(T),42,0.10059746359661079,0.19008391352272042,0.1963866673916833,0.2,0.170714643697556,0.011017718747144236,0.2563807172318898
B0 effective E(T),43,0.118516946336384,0.20669816527052753,0.1365318772105557,0.2,0.1326125412039442,0.012262953033966574,0.36852756437149803
B0 effective E(T),44,0.11137873840230014,0.1566400713431485,0.1207028128794437,0.2,0.17099864211001997,0.012508862678258148,0.49135259456501085
B0 effective E(T),45,0.10712472170269662,0.19930986087782993,0.1696549333629004,0.2,0.13818116437740344,0.01211317407298987,0.329683438943023
B0 effective E(T),46,0.11632409590929874,0.19123085806842793,0.1592392693616132,0.2,0.14752707067064658,0.01230974962772724,0.4852485973178963
B0 effective E(T),47,0.10935566989143236,0.2296397416113682,0.17354162408917756,0.2,0.14440922491309738,0.009544582012192075,0.3458197193834537
B0 effective E(T),48,0.11082097851314605,0.14950687140459437,0.17249906918327734,0.2,0.18001848508570212,0.010678363397172947,0.4923628980553467
B0 effective E(T),49,0.08354478622673658,0.17952573171307312,0.16315148413493477,0.2,0.13047587795187637,0.01396567518704282,0.6394250908555725
B0 effective E(T),50,0.08120629181342776,0.21581605757418504,0.1388264687019671,0.2,0.1733154008810732,0.010597396892063066,0.2
B0 effective E(T),51,0.1322963877110091,0.18108842441431494,0.15660897181253125,0.2,0.11523603123061626,0.00888546090145453,0.3055547711135812
B0 effective E(T),52,0.09253519322610837,0.19100729402525263,0.1362373944375233,0.2,0.13715452862724758,0.013285250056570521,0.45919462209966444
B0 effective E(T),53,0.09353609166242119,0.15722272564122508,0.17109411877390163,0.2,0.1624893851563171,0.011769950331523234,0.589989406177855
B0 effective E(T),54,0.0910241294764397,0.20934724067010993,0.12850988733904475,0.2,0.10824590193341574,0.00690715380516997,0.5685258746631515
B0 effective E(T),55,0.11014123806364975,0.15712465706941556,0.1586508544822311,0.2,0.1307438842774167,0.013887043597969558,0.2714560460740507
B0 effective E(T),56,0.10829202456706706,0.18312680581892246,0.1662837673796181,0.2,0.13545922738262975,0.014068391600139429,0.5751273265581859
B0 effective E(T),57,0.11237669639773262,0.20046146324053332,0.15523705063160648,0.2,0.1310480462605344,0.01033271602793841,0.3726173237013602
B0 effective E(T),58,0.100354547944349,0.17954158822930097,0.162811708113951,0.2,0.15023901821737845,0.012993778406558121,0.37208206327843096
B0 effective E(T),59,0.10312973356591744,0.1462532616323856,0.1350583368385152,0.2,0.14409698121434356,0.009403885251825828,0.29930063454083655
B0 effective E(T),60,0.11156695936349169,0.19697162710949545,0.14991537364408927,0.2,0.16531036605009897,0.012215403891242883,0.3525084695722805
B1 W-T fixed director,1,0.08393731067128225,0.16248149258902853,0.12854676755286518,0.2,0.10530438357948568,0.009102021717059044,0.7466653824896665
B1 W-T fixed director,2,0.09012810262292253,0.12385877417017006,0.1429318242209769,0.2,0.11723197448573205,0.006767892875338374,0.8862457488551339
B1 W-T fixed director,3,0.09097510492580585,0.14265100122467012,0.12968529637814216,0.2,0.10568148749416474,0.012132387313533673,0.8680623697952692
B1 W-T fixed director,4,0.08109971262152152,0.12923820402092395,0.1311075842099845,0.2,0.11150662829975397,0.007409170524972506,0.8482864837967024
B1 W-T fixed director,5,0.08251168761115164,0.09543869673260663,0.12743876953051736,0.2,0.09531697775876699,0.00984864881013272,0.9495459558384565
B1 W-T fixed director,6,0.07286743836561073,0.12537986814142962,0.11062900461010845,0.2,0.10058377205214754,0.009051580910289805,0.5884537565301762
B1 W-T fixed director,7,0.08469634593122016,0.1391276477615765,0.12193218948774552,0.2,0.11890197447205497,0.008784602904888961,1.0736090819952457
B1 W-T fixed director,8,0.07959387519536289,0.1688029344402257,0.11365956251416891,0.2,0.13369786826105215,0.007268457317722047,0.7085127805747735
B1 W-T fixed director,9,0.07141176067620833,0.15634955634081835,0.12003859519986294,0.2,0.10399751521312597,0.008428633980329687,0.8367766379005875
B1 W-T fixed director,10,0.0851825626201721,0.14425314220563834,0.12027859653953919,0.2,0.10694785252798762,0.00981723148537097,0.7219724035660355
B1 W-T fixed director,11,0.07883055060267198,0.13257720099071013,0.12925667538309632,0.2,0.09277511320432741,0.009260794010591886,0.971710652985893
B1 W-T fixed director,12,0.09835730046165285,0.15024868799567528,0.1394962737103973,0.2,0.11229217750933343,0.00798010851663213,0.7670817069448453
B1 W-T fixed director,13,0.08363902757118934,0.11307026532373318,0.13598953043058734,0.2,0.12077139072288684,0.008831099218854083,0.7353400609846573
B1 W-T fixed director,14,0.1158650213246183,0.14940535385210202,0.10147330798084588,0.2,0.10358668900589717,0.011716740790349647,0.9822707507262967
B1 W-T fixed director,15,0.08430135815683677,0.14804274941116655,0.13699316120809316,0.2,0.09169936400514236,0.006005752471965088,0.809521907905157
B1 W-T fixed director,16,0.1065748296358605,0.16407841301690046,0.14509438957794338,0.2,0.10919135930481272,0.010297953431084418,0.6304395851862108
B1 W-T fixed director,17,0.08709797085875179,0.1397030519150731,0.12813445201567886,0.2,0.12544082201482326,0.009753002675096111,0.8521935751177114
B1 W-T fixed director,18,0.08347250776986291,0.14197521769049126,0.1532711110902871,0.2,0.11726501256622963,0.008318090440213172,0.6516331194106216
B1 W-T fixed director,19,0.09419130461472164,0.1120179115689059,0.1275519772185315,0.2,0.11457723469237147,0.01093969580827038,0.9273047355035368
B1 W-T fixed director,20,0.07909157954285992,0.14248824786547765,0.11622123519124182,0.2,0.07794512477472015,0.008032329002605372,0.8498054164587904
B1 W-T fixed director,21,0.08235035758155473,0.11813415918743819,0.10159707244983733,0.2,0.11176416662636461,0.009987626784714897,0.771437917824989
B1 W-T fixed director,22,0.07700853173163391,0.15621844256224254,0.1294055515140978,0.2,0.10934416533075851,0.011964253295894596,0.9806847726764103
B1 W-T fixed director,23,0.0737820877877787,0.16538977196905835,0.12146109796152291,0.2,0.11405278418021329,0.010736241675726132,1.0131797029235337
B1 W-T fixed director,24,0.07780519348810637,0.12854464111596173,0.11589770809811553,0.2,0.08973057396576159,0.007745166233886783,0.9394098651643767
B1 W-T fixed director,25,0.0875598485214873,0.13748930474645354,0.10877798956425566,0.2,0.10619709929000433,0.009215027493760488,0.8425121985518967
B1 W-T fixed director,26,0.0819232380484235,0.11893923602273797,0.18960837474053008,0.2,0.11252360911820837,0.00983596264900165,0.7241476692152042
B1 W-T fixed director,27,0.08165641380808228,0.12916702259548188,0.10830319938169876,0.2,0.09584942825590076,0.010547464303242698,0.7175033938532874
B1 W-T fixed director,28,0.09170301253549838,0.12909315585129846,0.1286551728636951,0.2,0.09130713755898075,0.008081717189539117,0.7928526324799319
B1 W-T fixed director,29,0.07978845371131073,0.15810612462169032,0.12212498387218336,0.2,0.10864554942817502,0.008362904825522328,0.8712001876158721
B1 W-T fixed director,30,0.08847012077082317,0.11563090583455284,0.1329262897137659,0.2,0.10226906330540797,0.009660204450543143,1.0634037262718457
B1 W-T fixed director,31,0.07058719115874527,0.14958525013789736,0.12732190333095872,0.2,0.1061130642675949,0.0081717612662423,0.5558644745469987
B1 W-T fixed director,32,0.09268964207906728,0.13627328740570907,0.15123085206519646,0.2,0.09474074069970449,0.009958511320368017,0.7663514420403401
B1 W-T fixed director,33,0.08456645589866178,0.16988833118649138,0.11827078168131964,0.2,0.1043092669562004,0.007328638282955199,0.5679681055586417
B1 W-T fixed director,34,0.1101912124696305,0.16726908960849493,0.12709619346047035,0.2,0.10079983128366561,0.009514239361363985,0.8871098541539626
B1 W-T fixed director,35,0.08125371134510521,0.1468298733112945,0.10210774776956602,0.2,0.10937224052069079,0.00856218701816561,0.8166209296821364
B1 W-T fixed director,36,0.08020089868408911,0.13764679224583895,0.13139748068540033,0.2,0.10275088325539923,0.00890619721263493,0.9406262089010163
B1 W-T fixed director,37,0.0796105723770382,0.1459936820648628,0.11522808408444149,0.2,0.11281540691022257,0.009864831733342573,0.7927673317076922
B1 W-T fixed director,38,0.08086469446525482,0.14614580040794284,0.1048956155094366,0.2,0.10124207458710854,0.00954331731289675,0.8316468186490444
B1 W-T fixed director,39,0.09770637958035751,0.14209962887874727,0.1290768268355364,0.2,0.09178383139016659,0.008756594969777973,0.7717131674883781
B1 W-T fixed director,40,0.09360510165453854,0.18368441684645892,0.13091715377740262,0.2,0.09789785122663248,0.0041982104492377164,0.7056299786935343
B1 W-T fixed director,41,0.07929587084461667,0.13784806267525396,0.1343483262975267,0.2,0.11100382220036281,0.011235069964485343,0.9238328313444747
B1 W-T fixed director,42,0.08259212068731982,0.13589093745774375,0.14011426922462702,0.2,0.11232133779132221,0.0065596359547308225,0.8476639720656309
B1 W-T fixed director,43,0.09257700615788493,0.12758171596812615,0.11968363402692626,0.2,0.10745034298810321,0.011590180873779943,0.9331006154264135
B1 W-T fixed director,44,0.08676542178803547,0.14992171518944097,0.1259439906245362,0.2,0.10556905064051414,0.009484476967515264,0.96283383654194
B1 W-T fixed director,45,0.07346655480124573,0.17541388968350607,0.11718555533541508,0.2,0.08675798045441059,0.007894063344056072,0.7657202789371256
B1 W-T fixed director,46,0.07468462950047106,0.1208847740667818,0.1118393544731078,0.2,0.10940499706563642,0.008980214204379725,0.9180731267154079
B1 W-T fixed director,47,0.09668132439588134,0.1403619790760334,0.14889131696388302,0.2,0.09465602082592525,0.006328356917552354,0.8426910025705576
B1 W-T fixed director,48,0.07763221611325759,0.16753714600087766,0.1146899626754318,0.2,0.09291134056055836,0.008938240949441676,0.7315280751764601
B1 W-T fixed director,49,0.10004238976823325,0.13000859386514851,0.13752060901348026,0.2,0.09869128127767864,0.009813364382401395,0.6776272621554286
B1 W-T fixed director,50,0.08226262525669766,0.14953719760061132,0.10771262551538106,0.2,0.0934451935025308,0.011167227510245806,1.067580029125013
B1 W-T fixed director,51,0.08089341623322492,0.13861455784489823,0.12432327292453745,0.2,0.09995547288479541,0.00961320376378864,0.8187144679340284
B1 W-T fixed director,52,0.084092057255294,0.159566148765407,0.1308357631862567,0.2,0.11045241813257538,0.008322791831954775,0.6375517255428492
B1 W-T fixed director,53,0.08565105114448884,0.1385559815141297,0.13832138320391343,0.2,0.09009426453169125,0.011001324644685978,0.613149394480355
B1 W-T fixed director,54,0.09778780460434346,0.10654751329894291,0.10218328055857505,0.2,0.12195250100505943,0.008249355224127558,0.878948563763051
B1 W-T fixed director,55,0.07770016908529531,0.1143496498941798,0.1304018068067403,0.2,0.11608102469614615,0.010250827595469025,0.8567211602716889
B1 W-T fixed director,56,0.06393219894837318,0.13717218961126423,0.09028771722179067,0.2,0.10500053470977158,0.010149143425370035,0.6835136535654327
B1 W-T fixed director,57,0.08604544258059424,0.14733471475998297,0.11045300024901777,0.2,0.10040428718342737,0.009193387424920395,0.8202999120940633
B1 W-T fixed director,58,0.09229472538543879,0.14719294816246017,0.11506139561091093,0.2,0.08345116752759127,0.007806494114826233,0.6449333002903669
B1 W-T fixed director,59,0.06557838008099938,0.13540475960707593,0.1285923284576887,0.2,0.11401781855974114,0.008720771188718777,0.7408689618076616
B1 W-T fixed director,60,0.07714598153658837,0.14913612798098375,0.09872021344990452,0.2,0.10551553607196483,0.010997161554749856,0.5870591340585569
B2 single-constant Frank,1,0.04946248429851622,0.06765905986610715,0.0817423034167303,0.2,0.05008169880225149,0.004689923530685596,2.1209155960844925
B2 single-constant Frank,2,0.06313173819344037,0.08095823579888599,0.09832802209969115,0.2,0.0751920113143999,0.004566707183642594,2.393894953901751
B2 single-constant Frank,3,0.04214269240162048,0.0932444084897433,0.09329172247513016,0.2,0.05200196239070262,0.0047669981812454645,2.140852438272913
B2 single-constant Frank,4,0.045944830571835106,0.09522862459659741,0.07566837004125315,0.2,0.06743319972011319,0.004928054532108846,2.026635846174303
B2 single-constant Frank,5,0.06062431780590335,0.07079610587458944,0.08162041032416496,0.2,0.05681271868585894,0.005291857058569855,2.030378686994778
B2 single-constant Frank,6,0.04494452528107857,0.09246943887356905,0.09092690584700479,0.2,0.05810791533123142,0.005271221832208849,2.0092668822243556
B2 single-constant Frank,7,0.04667030059326462,0.0977396859734388,0.09340414017740394,0.2,0.051669659116576526,0.003991258380005301,2.2580673579153028
B2 single-constant Frank,8,0.04866768846755414,0.0903381580991035,0.07074207401681176,0.2,0.05697368031482011,0.005042934760998122,1.96710980756761
B2 single-constant Frank,9,0.05312968366289636,0.09335323380234264,0.08226139242918545,0.2,0.0630505458503348,0.005471079197142242,2.3720813206775997
B2 single-constant Frank,10,0.04563778075013592,0.1124169812162293,0.07815933368118408,0.2,0.06080866052193714,0.00415211227540171,1.8857367594827454
B2 single-constant Frank,11,0.054741097397984974,0.07583495834268301,0.08306174370508514,0.2,0.0649872271112768,0.004261449270034231,2.037399001144897
B2 single-constant Frank,12,0.04574015541663836,0.07903157814415275,0.08471869409898986,0.2,0.05576129671175844,0.006598366306879843,2.355749724186314
B2 single-constant Frank,13,0.05343072916523095,0.0790455024692224,0.08377100513157242,0.2,0.06557766562199427,0.00458553777438377,2.412103976639045
B2 single-constant Frank,14,0.04643449843803941,0.0876442225676587,0.09218055593156149,0.2,0.057641822056184115,0.005913456284223525,1.9791072172692696
B2 single-constant Frank,15,0.06304861381629116,0.08741091901662038,0.07665561061999032,0.2,0.05521702183236692,0.0030459523931395316,2.213580501896506
B2 single-constant Frank,16,0.04786652066509009,0.09130428260576429,0.09466813604626872,0.2,0.052492021907456624,0.004962721751906742,2.2754235364526205
B2 single-constant Frank,17,0.04289660770677773,0.10385250886092681,0.08682119270019492,0.2,0.05915993814541243,0.00527968395970314,2.2082887832582845
B2 single-constant Frank,18,0.048884662435923355,0.09139846010885834,0.07197823325666072,0.2,0.05491374793985872,0.00601224726492306,2.214209198383197
B2 single-constant Frank,19,0.04861843823730781,0.079718656760408,0.08115861889446081,0.2,0.06654583561192483,0.004648223732739901,2.2329577009793584
B2 single-constant Frank,20,0.047774012441798595,0.08166780168044976,0.08164662075063872,0.2,0.06145608780347418,0.005522051055464996,2.268097356943823
B2 single-constant Frank,21,0.04721832472728942,0.10911973798217738,0.08634362883341523,0.2,0.0655606101128874,0.004699754905099847,2.086116160769714
B2 single-constant Frank,22,0.048731655362362486,0.09863097552201464,0.07197800000855303,0.2,0.04644661583228256,0.0045727245104236845,1.867842739834324
B2 single-constant Frank,23,0.056504774326594884,0.07276317448896207,0.07528890338534654,0.2,0.0579408892323088,0.0044094954081516065,2.229409439954486
B2 single-constant Frank,24,0.05358024528143135,0.07814228222430006,0.09061413750258586,0.2,0.05654654273602121,0.005303821115595698,1.9250465622876043
B2 single-constant Frank,25,0.05232697840040944,0.0973938122335386,0.07194259683389087,0.2,0.06741253864974951,0.005050875737281615,2.092237737353501
B2 single-constant Frank,26,0.05227670313415743,0.0724312323630004,0.07215998884000163,0.2,0.04945640388059892,0.006203261415997693,2.2410185297628566
B2 single-constant Frank,27,0.04998657540657327,0.09062663731246517,0.07949168796920929,0.2,0.05995874509765853,0.006308069418302066,2.021538562029801
B2 single-constant Frank,28,0.048125720617822096,0.08648252042276384,0.08725905081080848,0.2,0.059231277344759165,0.003934810190821571,2.061682604297038
B2 single-constant Frank,29,0.05555865654431665,0.09527974835353419,0.09135389906287533,0.2,0.06203727803324547,0.0071690338628510545,2.2831537177734313
B2 single-constant Frank,30,0.05031783728768283,0.074765259268292,0.07736825916662421,0.2,0.06833008328983016,0.005601684751864297,2.006266295969308
B2 single-constant Frank,31,0.04656813059024826,0.08913569729187329,0.07578531048182084,0.2,0.056457197100588656,0.004379438774761846,1.926275604703443
B2 single-constant Frank,32,0.053855670653088626,0.09354807550156732,0.08742349022794092,0.2,0.056266553975493794,0.0041309160064937536,1.96586559509686
B2 single-constant Frank,33,0.05506789709381361,0.10088333848347539,0.06889834578747578,0.2,0.065737811617513,0.005552476724046362,2.2716136594242085
B2 single-constant Frank,34,0.04659403490635414,0.08118638643980657,0.09444162199346956,0.2,0.06803168945477037,0.004931433280220332,2.303926977901002
B2 single-constant Frank,35,0.05092067358540145,0.09087404255426028,0.07609787193984612,0.2,0.05914128695696232,0.005907849740248405,2.0346348937348187
B2 single-constant Frank,36,0.057300220098832774,0.08633455352384888,0.08850447004849814,0.2,0.06427139988739768,0.005620046408489016,1.878324689556776
B2 single-constant Frank,37,0.05554806623454574,0.10367781641173424,0.09261996689381052,0.2,0.06314441514629236,0.005023271939248953,2.2573509889928816
B2 single-constant Frank,38,0.05525742617976,0.09231966754404294,0.07439584009539339,0.2,0.06082958775532445,0.0035075655975184525,2.2156128818779517
B2 single-constant Frank,39,0.05336407775693225,0.08195396494639064,0.08830837629675606,0.2,0.055355638505134044,0.005069665523879933,2.292906896720839
B2 single-constant Frank,40,0.042647856515658306,0.07757428833296931,0.08712808091170653,0.2,0.0541262357437389,0.004428632650381355,2.1452970176673904
B2 single-constant Frank,41,0.053411311360112235,0.09692459148957017,0.08905821906508303,0.2,0.0677970909322571,0.0055406716805422715,2.0972120293043877
B2 single-constant Frank,42,0.055613852105441806,0.07628622596224811,0.06418283643043683,0.2,0.0643821559394767,0.00584386187669467,2.244847326372206
B2 single-constant Frank,43,0.05288848688978779,0.10017548417127582,0.0911737155865906,0.2,0.0656288848756437,0.00508916053056612,2.1495803421818107
B2 single-constant Frank,44,0.042697199557844415,0.0956676189881073,0.08168476448213476,0.2,0.05908465345570817,0.0050698728349790525,2.2480180054706334
B2 single-constant Frank,45,0.05138957100988077,0.09270325397440904,0.06821692063929635,0.2,0.0647369338927738,0.00440732860815029,2.1204845850822758
B2 single-constant Frank,46,0.054513916047613645,0.09557649972307827,0.08493456256207378,0.2,0.06940049124177247,0.0050746311424383255,2.17012401421554
B2 single-constant Frank,47,0.04892283731111177,0.10124486979881384,0.09155248628295999,0.2,0.0618414288002936,0.004685036094309052,2.1931309279026863
B2 single-constant Frank,48,0.06129610481417639,0.08903777252734864,0.06950468751494103,0.2,0.0611359754894234,0.005230126566685295,2.267392483680843
B2 single-constant Frank,49,0.04867172172291464,0.08324005735818914,0.08109601123567431,0.2,0.05671757328776106,0.005836007586298994,2.044703196689695
B2 single-constant Frank,50,0.039174060622996165,0.08433822249528966,0.08877542812549946,0.2,0.05135050272144325,0.006215658203063199,1.946223857228043
B2 single-constant Frank,51,0.04976060264486741,0.08260137429010468,0.08145773985130367,0.2,0.05680915730948726,0.004316282805331922,2.1847167513641343
B2 single-constant Frank,52,0.04934523633311353,0.08304375842305643,0.10038787568428088,0.2,0.06662150593927899,0.0036391260196875115,2.258722396167123
B2 single-constant Frank,53,0.048490061508448964,0.07781925538558825,0.07747402698073709,0.2,0.06927977095190684,0.004228985738121714,2.1431880928589524
B2 single-constant Frank,54,0.046400018628401936,0.07411459175846616,0.08070478663356143,0.2,0.053524184300237726,0.005545018805126053,2.106251791329153
B2 single-constant Frank,55,0.048242028847205944,0.09303608486741004,0.07243944628798347,0.2,0.05056288022434657,0.004849403582195175,1.8729670927492348
B2 single-constant Frank,56,0.04209337205486287,0.10072874422175487,0.07441577105578094,0.2,0.05225859369766947,0.003950549617588705,2.18546742512623
B2 single-constant Frank,57,0.05278071162085826,0.07335898687761483,0.07164948082800679,0.2,0.06302696259849772,0.0056594859868701365,2.032758923909726
B2 single-constant Frank,58,0.045186005759755725,0.09451270901898545,0.0610190599457068,0.2,0.05549798813255623,0.0047437824779641945,1.9820888740633607
B2 single-constant Frank,59,0.050685309909517834,0.09401504477682347,0.06943160764850667,0.2,0.05736951528367672,0.005944328170256535,1.8907252883149095
B2 single-constant Frank,60,0.06367805171968241,0.08632414688046558,0.11366780874277685,0.2,0.05832102294268278,0.004852187518673262,2.0114040905358705
B3 three-constant Frank,1,0.03173226180606118,0.08707431083783333,0.0527267032596518,0.2,0.035397113075721735,0.0033079246747952378,4.723360584549252
B3 three-constant Frank,2,0.03617623288115535,0.0670668772608109,0.05789490043145801,0.2,0.03455429726943899,0.0029499785219380278,4.906444129641175
B3 three-constant Frank,3,0.034694009723748656,0.06515193655472083,0.05398180646450912,0.2,0.041960665157477005,0.0027209679628517835,4.360402087241618
B3 three-constant Frank,4,0.026832276973088324,0.06416423878532522,0.06052137306940727,0.2,0.03964552965999798,0.0029230597758866973,4.99255204858923
B3 three-constant Frank,5,0.03725063333695901,0.06906247701316948,0.05357542215132985,0.2,0.04400809357584344,0.0033989207311138597,4.925379421564327
B3 three-constant Frank,6,0.03643195639625001,0.04994530399095875,0.05638960015062525,0.2,0.03434999775802712,0.0033192096900096627,4.5394873065093515
B3 three-constant Frank,7,0.031214557401118847,0.06430806901468178,0.06630559868000692,0.2,0.03506469620080055,0.003032270773297847,4.668971620564773
B3 three-constant Frank,8,0.031057008172649874,0.07387033832162929,0.06661378242648475,0.2,0.03733051834345767,0.002974823719142854,5.00935647793496
B3 three-constant Frank,9,0.038497198902532344,0.07335166774492885,0.052200087035063174,0.2,0.04251150063809264,0.002880544604313426,5.102519245475917
B3 three-constant Frank,10,0.036434011735256344,0.07142904262002929,0.06703078826043676,0.2,0.04057105507646873,0.0031022976740040994,5.040206639904506
B3 three-constant Frank,11,0.03188975685140324,0.06734819480004046,0.0527670337808507,0.2,0.03817879996272025,0.003504125013759172,4.835253786580502
B3 three-constant Frank,12,0.03230382037155283,0.0693694043510905,0.05465983682566431,0.2,0.038632935792420414,0.0035068738056106205,4.736173128655202
B3 three-constant Frank,13,0.039994196941680354,0.07409960257859928,0.06089176912817214,0.2,0.03692824836576647,0.003216525750545471,4.865952424534323
B3 three-constant Frank,14,0.041755047073724794,0.05859224436482959,0.05114797914342515,0.2,0.042942825990137934,0.0032719139493764078,4.965696270543713
B3 three-constant Frank,15,0.03956613275177358,0.06795247580567844,0.055854084215644854,0.2,0.03612601742919237,0.003299418611467625,4.850705981791179
B3 three-constant Frank,16,0.035590404681639994,0.07538704311370195,0.05273288989065691,0.2,0.03327595411025626,0.003698829476671069,4.915138127969509
B3 three-constant Frank,17,0.031569246998216914,0.06745480849415049,0.06112923119673741,0.2,0.04249956886421061,0.003999413501066055,4.936520935201507
B3 three-constant Frank,18,0.03052704012225766,0.06383802762916031,0.059107763617384707,0.2,0.03576965016272949,0.004043418471401354,5.0479488495376765
B3 three-constant Frank,19,0.0352418386608371,0.06121505876182929,0.05786873442620864,0.2,0.040634154689682844,0.003034425703156335,4.8580820708762325
B3 three-constant Frank,20,0.03384318467523043,0.05188293106097677,0.04989895430569019,0.2,0.04142006495846401,0.003526264784275066,4.5827100098674425
B3 three-constant Frank,21,0.03794256760063529,0.07141731730985076,0.06108964725636202,0.2,0.034353509154044407,0.0029681288216868705,4.717269424893995
B3 three-constant Frank,22,0.028142270226888286,0.047114279848215146,0.057414721188859506,0.2,0.04213182896335556,0.0020913257594966173,4.848911407648551
B3 three-constant Frank,23,0.030045360326944593,0.06868921997973886,0.06328741281361087,0.2,0.036238912682118894,0.002918896957315804,4.792512736981255
B3 three-constant Frank,24,0.037951857082149376,0.05712562934655039,0.03860274037152965,0.2,0.03760680609355967,0.002918962322203908,4.706809374332231
B3 three-constant Frank,25,0.03319677707661561,0.06483322423627765,0.05577561763508806,0.2,0.03778916201985149,0.0031462144252923587,4.882835073638526
B3 three-constant Frank,26,0.04279327766439367,0.0639441507270774,0.06683450410007168,0.2,0.03338184049464533,0.002998475074087749,4.722665779988425
B3 three-constant Frank,27,0.033261040406558535,0.059084525732917205,0.061815944245911435,0.2,0.04315234490313323,0.003203574388485684,4.690353178166234
B3 three-constant Frank,28,0.0417209385528581,0.06778879363036562,0.05739418351484978,0.2,0.03594937491638325,0.0027733246894438503,4.834689828088532
B3 three-constant Frank,29,0.03515920780897147,0.059316323699804885,0.05581262759997577,0.2,0.03462602947214009,0.0024819122686474053,5.040235021855917
B3 three-constant Frank,30,0.030569921914263276,0.06016956196346002,0.05613102958441675,0.2,0.037144442531847705,0.002312660947696894,4.902973385213177
B3 three-constant Frank,31,0.035274197270790356,0.06646169768653488,0.05338210392655713,0.2,0.0356974732709657,0.003730031034647446,4.698269438418826
B3 three-constant Frank,32,0.0425947273813461,0.07317962661226439,0.05951461970062198,0.2,0.0369788430019248,0.0025446028530259268,4.813484998468662
B3 three-constant Frank,33,0.03399927455525798,0.06358729704924476,0.054810859453387345,0.2,0.03149830417761509,0.00357622092585972,4.83692267060254
B3 three-constant Frank,34,0.03128979447907561,0.058472386678704115,0.05732363747651054,0.2,0.04467395515056469,0.003232049458011461,4.836177549764809
B3 three-constant Frank,35,0.03505148763411969,0.06674999939162762,0.041027453774825265,0.2,0.04456420965506095,0.002896489642655719,4.860514756037093
B3 three-constant Frank,36,0.03909733479834167,0.06264385318566432,0.052272992177042045,0.2,0.03888933091566978,0.0030714898166838236,4.797427397846964
B3 three-constant Frank,37,0.04225534965023882,0.07238384828769268,0.05244333607505,0.2,0.0382813136928673,0.00410599450863593,5.027815767390003
B3 three-constant Frank,38,0.03872023150983137,0.060525495321777686,0.053634949136373324,0.2,0.04112610249952538,0.0018568717308168484,4.815370123995996
B3 three-constant Frank,39,0.037879017009751235,0.07029112099913284,0.06478347608079957,0.2,0.03166626171486657,0.002557427365507887,4.725488097978292
B3 three-constant Frank,40,0.028664290225589754,0.059239334218860434,0.05500587558674891,0.2,0.03958055292514666,0.0025485710315904424,4.987700884087562
B3 three-constant Frank,41,0.03641491245718653,0.05932875033333757,0.047522888206409084,0.2,0.042560981754038676,0.0036442847623115934,4.777921044499084
B3 three-constant Frank,42,0.03446904731761225,0.07325197511463984,0.061404325391917425,0.2,0.04182762501738372,0.0027578779907630707,4.640019767077979
B3 three-constant Frank,43,0.03567857301623782,0.0601847215681385,0.05603073258040934,0.2,0.03975903415705945,0.003385406003317954,4.683410312314005
B3 three-constant Frank,44,0.03580238415213158,0.062344373366567354,0.05138176120999089,0.2,0.03483260485322415,0.0029284859363390386,4.906818051992904
B3 three-constant Frank,45,0.039625664275542656,0.06450837755060285,0.05522398756768069,0.2,0.03634844959470387,0.0031086136098601746,4.99324526442302
B3 three-constant Frank,46,0.0378498376392507,0.06167862816840249,0.06713447323843484,0.2,0.03095425851605285,0.0025837229489796354,4.727486644903108
B3 three-constant Frank,47,0.03590903475210276,0.06501727490979771,0.060100641752782534,0.2,0.04400370834539566,0.002545725865325412,4.910201156911591
B3 three-constant Frank,48,0.04064802566283173,0.055596322372188034,0.0545124696291091,0.2,0.032168696442755135,0.0033031931856513266,4.677746145710857
B3 three-constant Frank,49,0.03438381991013967,0.07303617455584559,0.06171964191199514,0.2,0.036743567219849047,0.0031393040058055616,4.907828670547825
B3 three-constant Frank,50,0.036612882732851224,0.06509596418909679,0.0507639120981806,0.2,0.04522237555587454,0.0033034822335682667,4.825351448183735
B3 three-constant Frank,51,0.036027549493541366,0.07810393800180035,0.05792203764667641,0.2,0.03319049185062552,0.0030755588047035472,4.950950021358012
B3 three-constant Frank,52,0.04601766533373041,0.07059534033255067,0.058195861844101485,0.2,0.035946460922832935,0.0023982666971164,4.73475584261124
B3 three-constant Frank,53,0.040861806311633934,0.0754430923688564,0.062403072015450596,0.2,0.0360421243005545,0.0032810126260585204,4.80206598261735
B3 three-constant Frank,54,0.02936863668945311,0.07229597100419705,0.055457435717729466,0.2,0.027560227213397362,0.002534589321910629,4.843875735309341
B3 three-constant Frank,55,0.030074841323212465,0.049719116217147294,0.05661966222132132,0.2,0.038202089939225366,0.00334509820980982,4.75974716421448
B3 three-constant Frank,56,0.03643416826041511,0.042117653220142603,0.05186364027999644,0.2,0.038528674962184824,0.002862562052541598,4.246863681222328
B3 three-constant Frank,57,0.03196631878413086,0.06820115960090478,0.053498899801793086,0.2,0.03530175691922927,0.0032903317269725053,4.724547704926856
B3 three-constant Frank,58,0.04089181867716435,0.07003600299773138,0.06025001014343255,0.2,0.039799535595711616,0.0034260086181232274,5.02835807067695
B3 three-constant Frank,59,0.03819570199066119,0.0640508580276905,0.04781641595428557,0.2,0.031945923042496736,0.0033557078442129377,4.858898236911475
B3 three-constant Frank,60,0.0384931349251077,0.06291935024923806,0.047144043459569976,0.2,0.03546136895866319,0.00240413266487537,4.5940673612869345
B4 B3 + residual PIRN,1,0.021430211121270352,0.038956746109854556,0.03436393077161027,0.2,0.02720452945821508,0.0018963733574772854,4.976942947406314
B4 B3 + residual PIRN,2,0.018811328715538016,0.048672953842371317,0.03942028162883849,0.2,0.03538751628982922,0.0016885921426736021,4.972563776399004
B4 B3 + residual PIRN,3,0.019541854561424054,0.04506989812082756,0.03364823970525804,0.2,0.030393079829301697,0.001650558047749349,4.991973362337253
B4 B3 + residual PIRN,4,0.01919424621081835,0.04111591786252798,0.04238894507539107,0.2,0.025838551701928954,0.001982253826853278,5.047419746221879
B4 B3 + residual PIRN,5,0.024615330106348764,0.03728371853985736,0.03399969790584846,0.2,0.02830913064416781,0.0016081952070614437,4.99597435845234
B4 B3 + residual PIRN,6,0.023389731366329464,0.046215266622596875,0.039051489774006916,0.2,0.03216507033599764,0.0016332594507424178,5.034349599802705
B4 B3 + residual PIRN,7,0.02016479819734622,0.03538284441950183,0.046751506465473776,0.2,0.028185159711432827,0.002036880402751249,4.69449676078293
B4 B3 + residual PIRN,8,0.02026441101702384,0.055968966423430494,0.040165208152398636,0.2,0.030847222067124813,0.0020155656190375053,5.014033005616076
B4 B3 + residual PIRN,9,0.01872898925905499,0.040029916789326145,0.04953210012443236,0.2,0.028574745468482377,0.00159668896057615,5.130688497294734
B4 B3 + residual PIRN,10,0.020052376847942255,0.04068136942418525,0.04187574872016441,0.2,0.03018067773299491,0.002069803104529002,5.238782969261296
B4 B3 + residual PIRN,11,0.02379373826372393,0.04316254150029492,0.032260874803607446,0.2,0.03207058885346593,0.0015687703646137235,4.969228102830391
B4 B3 + residual PIRN,12,0.021813626942148737,0.034788390743579714,0.03840134572140707,0.2,0.032522440250241216,0.002266134138224592,4.800849532766456
B4 B3 + residual PIRN,13,0.01912969054669517,0.038140225587396666,0.03229297905073662,0.2,0.02728826487983376,0.002193555149629872,5.2040549887358205
B4 B3 + residual PIRN,14,0.020695449165110933,0.05069183562211961,0.04430296444541365,0.2,0.02702659898686096,0.0023543156996936013,5.256328933383201
B4 B3 + residual PIRN,15,0.016574003076398343,0.040201480040054534,0.045137716864141794,0.2,0.031993260444547054,0.0015650817541162172,4.980460757085231
B4 B3 + residual PIRN,16,0.021438174791221787,0.04383855837514488,0.039255401512157104,0.2,0.02464851990244465,0.002223754191423194,4.880080680910189
B4 B3 + residual PIRN,17,0.024175836581205232,0.03406204851191494,0.03854846902049442,0.2,0.027927948930819464,0.002104647252676938,4.837978401029917
B4 B3 + residual PIRN,18,0.01727482586260358,0.04132022978741456,0.03461000421997315,0.2,0.028286569545446623,0.002059187870666389,4.913752664851789
B4 B3 + residual PIRN,19,0.021171902834939412,0.03525094903363021,0.03529979605704533,0.2,0.030048565586003342,0.0022382503677764462,4.8221757786206565
B4 B3 + residual PIRN,20,0.020047973451475756,0.03736057659275812,0.03481893626241693,0.2,0.024221084908341354,0.0013317763825195705,5.125307397159264
B4 B3 + residual PIRN,21,0.02147841302214249,0.03582387265600606,0.04369685804616761,0.2,0.03593712838258584,0.0021235161141108646,4.891551217317631
B4 B3 + residual PIRN,22,0.022549373408128057,0.032577416498314686,0.04074580822060123,0.2,0.03509296735393859,0.0020657731166405457,5.099715688535102
B4 B3 + residual PIRN,23,0.022386263958976207,0.04457269227449812,0.03413039919968845,0.2,0.03167663488455331,0.0025185497744039595,4.733538750598186
B4 B3 + residual PIRN,24,0.017348132849614943,0.043056138114578146,0.04269150199097462,0.2,0.027687645268249413,0.002152363641806367,4.909246963812775
B4 B3 + residual PIRN,25,0.01870325797764777,0.04403890579833871,0.04134109734739917,0.2,0.029303491999605243,0.0025520802185485013,4.929352888100392
B4 B3 + residual PIRN,26,0.01777938645194876,0.031075062256125788,0.04586484988986499,0.2,0.02564144937920361,0.0018392648116089014,5.113261387322928
B4 B3 + residual PIRN,27,0.018837147036764323,0.03095549791492161,0.046025731242877996,0.2,0.030006928157394756,0.0020387887244617655,5.161260194196905
B4 B3 + residual PIRN,28,0.026332180667632113,0.03969968080994604,0.036179559211979885,0.2,0.03075404705059291,0.0017168704209949003,5.082729842396564
B4 B3 + residual PIRN,29,0.02130859018338917,0.038248743493127825,0.036987331426392225,0.2,0.023458271003125964,0.002078842453277146,4.853374462226933
B4 B3 + residual PIRN,30,0.024311915816400537,0.037444540007978984,0.03274298773785982,0.2,0.023673274554722974,0.002060449170038094,4.954452147311396
B4 B3 + residual PIRN,31,0.01925587101163236,0.030122442071700523,0.038373882469429944,0.2,0.028377258550957483,0.0018640521064326987,5.08444053600722
B4 B3 + residual PIRN,32,0.0202717488142762,0.03849753850726345,0.041914532866487816,0.2,0.028764352824369826,0.0016854389133164657,5.119931253945161
B4 B3 + residual PIRN,33,0.022168536194875414,0.04202466902195907,0.038116146083368906,0.2,0.03266823566893658,0.001301323059638496,5.015961169169377
B4 B3 + residual PIRN,34,0.020542362360525326,0.037842767805713294,0.041248847230123065,0.2,0.029260525627387235,0.001922851731434956,5.01566343029625
B4 B3 + residual PIRN,35,0.02314030582231708,0.04491790870039081,0.0448761459862584,0.2,0.03267440629041366,0.0024915458350459217,5.009256293919631
B4 B3 + residual PIRN,36,0.02131998506121654,0.04892958395602398,0.03320913667934672,0.2,0.02977015483672653,0.0021340695628018786,5.057157916776286
B4 B3 + residual PIRN,37,0.01771158847039703,0.038726766967318776,0.04032524855832588,0.2,0.032426253197342776,0.002342101711159303,5.072416648252255
B4 B3 + residual PIRN,38,0.015918098114859187,0.037093320692240396,0.04336467171236783,0.2,0.033810703325990114,0.0025235050515752537,5.210040035569304
B4 B3 + residual PIRN,39,0.021947860284330756,0.03805858636547614,0.03627684278083531,0.2,0.02868617291454103,0.001734942709189691,5.13158137162219
B4 B3 + residual PIRN,40,0.021991851856472983,0.04570568259156806,0.04521929992068055,0.2,0.031190887019806268,0.0019051390677426922,4.761981655283238
B4 B3 + residual PIRN,41,0.01787367866070049,0.039831034318791404,0.037993375314867996,0.2,0.02238028103855231,0.0014314220698547868,4.955133920871964
B4 B3 + residual PIRN,42,0.021662683344533702,0.04198449387809317,0.0406989296805005,0.2,0.031640420672865384,0.001119794718685787,4.805900864820978
B4 B3 + residual PIRN,43,0.022083839502806287,0.039875475098579756,0.042079986582117104,0.2,0.02947749510163185,0.0025522677529745763,4.925860934661565
B4 B3 + residual PIRN,44,0.01792164021628708,0.03291164059632235,0.045051795789925735,0.2,0.02922475916397829,0.0023345802581428107,5.052286953525787
B4 B3 + residual PIRN,45,0.024565624899105697,0.03542822985463428,0.031287749734961075,0.2,0.024595437178060026,0.0024897020727476533,5.102091408336614
B4 B3 + residual PIRN,46,0.020704537528634524,0.037125209864891505,0.04318178714605085,0.2,0.029093250621751512,0.0021034008368381583,5.286880725958581
B4 B3 + residual PIRN,47,0.016402526449825858,0.041009061811857664,0.035411412986584956,0.2,0.030172578452958787,0.002317624112008149,5.039338539807611
B4 B3 + residual PIRN,48,0.02433748882961277,0.0374516628341499,0.03694449406994926,0.2,0.02900579511290859,0.0021146397072055035,4.787684265307011
B4 B3 + residual PIRN,49,0.019551663343400742,0.035057759975084,0.04342892903565997,0.2,0.03049826133814665,0.001708407215108515,4.670605773426884
B4 B3 + residual PIRN,50,0.022045944224264553,0.03687965801578857,0.03881747255420043,0.2,0.0241283565112835,0.00202881775022688,5.179249330588679
B4 B3 + residual PIRN,51,0.02082594277164628,0.047628791488477526,0.03996476737608383,0.2,0.03567220819143534,0.00237315788111304,5.301271119990225
B4 B3 + residual PIRN,52,0.019842258596106287,0.03760655136252868,0.03573609959958093,0.2,0.027843516633700747,0.0023477343806771614,5.130967168090975
B4 B3 + residual PIRN,53,0.023771210908978907,0.0342845128628037,0.04536125276473425,0.2,0.029357692756995915,0.0019090175032288822,4.883363529849243
B4 B3 + residual PIRN,54,0.018439808878696742,0.040041839236583394,0.039768953059385374,0.2,0.02996314845951585,0.0021634879334107323,5.06468738967699
B4 B3 + residual PIRN,55,0.024567569521030754,0.04313671158594215,0.038727072342394746,0.2,0.029957297331131026,0.0026112271869340124,5.032983618032304
B4 B3 + residual PIRN,56,0.021672586884713838,0.041728052767535696,0.04342613582178279,0.2,0.03384283189309689,0.002184061914884095,5.2329147107777025
B4 B3 + residual PIRN,57,0.023320883263285054,0.03731561874845394,0.04167243025995656,0.2,0.02933623203768437,0.001719424815952608,5.0224966182153885
B4 B3 + residual PIRN,58,0.01842073673255476,0.04102854857114451,0.04565039951276176,0.2,0.02234237221376561,0.001510059047300998,4.804045597879197
B4 B3 + residual PIRN,59,0.021101878431316303,0.03874215807073913,0.03089280258315428,0.2,0.023538492347061995,0.0027844065570570087,4.972063277051408
B4 B3 + residual PIRN,60,0.019366770038062458,0.048163537909822585,0.042410430693699555,0.2,0.024903956180077347,0.0017969466636152736,5.001650947777809
