replicate,temperature_C,DSC_heat_flow_au,storage_modulus_MPa,free_contraction_pct
1,20.0,0.053461523576738265,30.26831330059974,0.03891850172364664
1,21.0,0.05634857470312172,31.463415864952214,0.00958756758756425
1,22.0,0.1031415549357999,30.66893321321173,0.0
1,23.0,0.06699580121620245,31.97411024006038,0.19266469882681464
1,24.0,0.04785732098723517,30.597620087859394,0.18440098362623503
1,25.0,0.06552477161389729,32.03158498937554,0.0
1,26.0,0.06475291141006743,31.567760880488688,0.22028273966928694
1,27.0,0.06529451044603744,30.975303533321505,0.0
1,28.0,0.08428064111180114,32.405173191036454,0.0
1,29.0,0.09619935853745351,30.950073562320263,0.1004981876428943
1,30.0,0.0997664568652818,30.59517596676984,0.24555893093248532
1,31.0,0.049312351614089964,31.37815023284788,0.0
1,32.0,0.005152807749779775,31.164312442051518,0.0
1,33.0,0.03504115064473017,31.707367308335208,0.0
1,34.0,-0.020429886850043807,31.100727555283317,0.5362905695750193
1,35.0,0.034209010274830184,31.77080539566644,0.0
1,36.0,0.01813528353768397,33.20458274477103,0.0
1,37.0,0.04257489570798286,31.18028964853617,0.04783749476800098
1,38.0,0.01606248409041496,30.124431455222872,0.10022729105036907
1,39.0,-0.0005661454505796314,30.10850057605291,0.1651764146739324
1,40.0,-0.027517423848918542,31.51883937601048,0.0
1,41.0,0.027452065978978306,31.3832661887869,0.0
1,42.0,0.008408947103890235,30.503926223759766,0.11460365140534902
1,43.0,-0.0002276516367262088,31.68533190026652,0.011484828469681213
1,44.0,0.019875002314768075,30.8669390726785,0.0
1,45.0,-0.03747379393630956,32.16443721313797,0.06010813544789931
1,46.0,-0.0359232286668253,31.82859461525041,0.2764214085856513
1,47.0,-0.02757737730415959,31.156703776026305,0.2818248770164915
1,48.0,-0.03307149003045921,30.959413936977956,0.11483955368138901
1,49.0,-0.06734247515316524,31.988413893427722,0.5734788319300221
1,50.0,-0.06219426955318175,30.574733171916932,0.3956688972839811
1,51.0,-0.01352240752739647,31.28653617026669,0.28876644537946594
1,52.0,-0.039719094421004644,31.646917444980936,0.4194465855163243
1,53.0,-0.00937055285149354,31.064135528166112,0.4213679325177559
1,54.0,-0.06873775417055696,30.25598540102934,1.0324000917317553
1,55.0,-7.424294081775223e-05,31.46148400258032,0.2625908991094562
1,56.0,-0.06587549570216929,32.022474473205335,1.3746678917324537
1,57.0,-0.0445150603438093,31.049060269999515,0.46853535921480594
1,58.0,-0.03374050800828497,31.59901735081627,0.7242449368788155
1,59.0,-0.10057662659874494,32.87148306991452,0.8454969068903407
1,60.0,-0.048006953082816196,30.30074901133991,1.0529248580645738
1,61.0,-0.05149057315789933,31.75331864540038,1.3557806489775837
1,62.0,-0.05325361552835818,31.616242904860442,1.6551694424677184
1,63.0,0.012319989264413599,31.54076448601913,1.2935930586139286
1,64.0,-0.03235581386296217,30.065304960591213,2.564535947163139
1,65.0,-0.03289411791346215,32.561637774185726,2.1913581761445697
1,66.0,0.0031579189918426592,30.736756734353634,2.2795009311465253
1,67.0,-0.045583405210429515,30.711549443517455,2.692729700044878
1,68.0,-0.0828425954799973,30.763004479907885,2.410289130217512
1,69.0,-0.008405887947114875,30.046505567686147,3.210631692436136
1,70.0,0.012563268992719966,30.071218417278207,3.6351880771003
1,71.0,0.11587856838031457,30.481308434086746,3.7789558537649506
1,72.0,0.07869968170732826,28.69382213948507,4.264492525523793
1,73.0,0.1378586281962733,30.53071865255763,4.3910806614206015
1,74.0,0.20202485188336727,30.639474727219085,4.604753865823997
1,75.0,0.26338926480078717,29.03971269415317,5.677289042934426
1,76.0,0.30316720307560485,29.029179588318485,6.266331139098601
1,77.0,0.37336169571971767,30.82046655184691,6.822419152353419
1,78.0,0.5302911222963785,28.529913781981637,7.409335277365473
1,79.0,0.6317814419045251,29.27306759938063,7.773582362364127
1,80.0,0.7853208543128918,28.17700017331111,8.629109831649828
1,81.0,0.9210987399445368,27.974470867456787,9.711442149762831
1,82.0,1.0569408724031086,27.54817938862806,10.461077068879334
1,83.0,1.1863353964344703,26.3933581043904,11.157126310890133
1,84.0,1.273588439503133,26.069579079570634,12.25786197721357
1,85.0,1.437405935199146,25.58677701049791,12.896174349096873
1,86.0,1.5144305459650895,25.715084028342904,14.261376065633968
1,87.0,1.5771836181923748,23.59545880320542,14.769179818099882
1,88.0,1.6552760002116205,22.183584010972243,15.98834588599467
1,89.0,1.6631619081161797,21.888029142457423,16.65973227751486
1,90.0,1.6725802241686878,20.294549025403203,18.060241877432855
1,91.0,1.6974671003156745,19.612755820700343,18.572791591036935
1,92.0,1.6050160433269602,18.546497298002222,19.531517289379803
1,93.0,1.4563881177953326,16.803740036004914,20.54236762650945
1,94.0,1.3793329138774473,15.275366203127783,20.830592232814148
1,95.0,1.3176222344565458,14.562689215342132,21.54926801634824
1,96.0,1.1130255235317552,12.705086169476806,22.459185838033417
1,97.0,0.9841155092543856,11.723670074200106,23.624214876534985
1,98.0,0.8214815416753994,10.347475398089983,24.065291519824505
1,99.0,0.796725885625749,9.49910598662453,24.435420656834015
1,100.0,0.6576022187287466,8.232654017895095,25.064542858828588
1,101.0,0.5432935948851776,7.648031219362486,26.217903908584635
1,102.0,0.42568901416680266,6.394142163264181,26.255227853138024
1,103.0,0.3132862515494603,5.45018769653442,26.691212250695703
1,104.0,0.3155775181117466,4.861388391968569,27.395837266688318
1,105.0,0.2537827538386278,4.249652543486491,27.867080385284307
1,106.0,0.20009821586019544,3.777896045874692,28.20457165424262
1,107.0,0.14775072932920383,2.978863237511752,27.992754953937126
1,108.0,0.14120846434052498,2.753550175455844,28.69041056818056
1,109.0,0.10851448709825812,2.4287608912953877,28.967813632004656
1,110.0,0.11173609815825326,2.075899040552477,29.54162965295789
1,111.0,0.07171722532206969,1.6532188441498685,29.123992924113978
1,112.0,0.06292604409896768,1.4232413205976377,28.928882608104093
1,113.0,0.07084162096046173,1.2852271403717053,29.553860552646164
1,114.0,0.052431712164550906,1.147784845081413,30.369583841847493
1,115.0,0.08551259102449187,0.9592373964627597,29.756893545356533
1,116.0,0.023633305288405168,0.8297688894464402,30.524174044644344
1,117.0,-0.016102089516483703,0.7323740485496469,30.086212122530952
1,118.0,0.01867318491601598,0.6195587161069616,30.674953819015332
1,119.0,0.041585989733884096,0.5581343189131552,30.369516182326556
1,120.0,-0.002178016792237371,0.47836619210814313,30.90830430184884
1,121.0,-0.03136172567117745,0.43120671845190767,31.118757462932837
1,122.0,-0.002844750730644022,0.4124447331840679,30.96085443160087
1,123.0,0.002509414230979365,0.3680040190953685,31.14372311790621
1,124.0,0.01208585030186129,0.3291166353810769,31.14084762842922
1,125.0,-0.006891112021951765,0.2994617082589035,31.091856548388403
1,126.0,-0.02662010280785239,0.2814987716599948,31.025902507651935
1,127.0,-0.05624999915283618,0.24993737010567266,31.037235071686204
1,128.0,-0.01512066304461953,0.2390893087965087,31.492832772296538
1,129.0,-0.06733858472390891,0.23073811454511506,31.39734163186989
1,130.0,-0.027799390611618832,0.21098405432895173,31.324773286267295
1,131.0,-0.04483635364291281,0.20100461608460723,31.642418067473404
1,132.0,-0.051229781480492974,0.19529051568964573,31.53400887669137
1,133.0,-0.04748150741187791,0.18881793013531195,31.681211808242256
1,134.0,-0.06792522274575306,0.17881847315244886,31.470822867586506
1,135.0,-0.06653904491182172,0.1738806132127072,31.68966978837042
1,136.0,-0.06791771464805095,0.16840090205971062,30.919692770857303
1,137.0,-0.06394750196422425,0.1602277486547572,31.638873731609905
1,138.0,-0.041490130148043036,0.16199025316289814,31.04924885187261
1,139.0,-0.06290222415954266,0.16226871110023172,31.29923639863956
1,140.0,-0.07307805826556019,0.16743695638655148,31.76411773645624
1,141.0,-0.006229388041375725,0.15900479155328137,31.614880685603037
1,142.0,-0.056929451517641984,0.1567072867010378,31.6300337417295
1,143.0,-0.05223552186201142,0.15170989038539218,31.377801950919395
1,144.0,-0.059557796975391,0.15212289709814952,31.32481816938194
1,145.0,-0.03454161251216993,0.15225380511170872,31.688388786890336
1,146.0,-0.09473535674951007,0.16289252988972028,31.09438645425752
1,147.0,-0.027067664839508634,0.15531687130677882,31.181076348361852
1,148.0,-0.02266826177045806,0.14551846959077572,31.39421213216312
1,149.0,-0.05691279895543519,0.15683380878095438,31.55424758572087
1,150.0,-0.030152660321670462,0.15570393428865867,31.733996113437527
2,20.0,0.03712571937836798,30.68161226001273,0.16275821859868153
2,21.0,0.09582109795933887,31.884764662956357,0.4745607733170875
2,22.0,0.08718395315482885,30.413466867565266,0.0
2,23.0,0.03380716653646588,32.2830414195653,0.0
2,24.0,0.058640953030412085,32.007184366485305,0.0
2,25.0,0.08822762358535476,32.133918082205945,0.0
2,26.0,0.08420825086566668,31.421472847310355,0.0
2,27.0,0.06520686138292481,32.10315458369887,0.14419070407846496
2,28.0,0.00045155825520733217,32.490991091475166,0.0
2,29.0,0.06792589872066278,32.4174983609198,0.08700867615029309
2,30.0,0.04404539251819351,31.096634309826733,0.11757515332205351
2,31.0,0.03085919470286059,31.570417384076894,0.02745386475934629
2,32.0,-0.00546499195289657,31.741436465319786,0.1683279014956082
2,33.0,0.005659007195105235,31.10699265831848,0.0
2,34.0,0.0379308296863202,31.841614378772558,0.0
2,35.0,0.023102189567852947,31.944358986225986,0.17714250783534538
2,36.0,0.062312504779590966,31.973498338968977,0.23237268754000542
2,37.0,0.013000976199658544,30.91161693155295,0.5967691133188707
2,38.0,0.026864053921344565,30.988093712639117,0.5216462547408925
2,39.0,-0.02305159454837355,31.21869231421245,0.0
2,40.0,-0.05265879396833519,31.03794933443531,0.10802764484528157
2,41.0,0.03193645846649984,30.48445411545347,0.00881693345429918
2,42.0,-0.0037984064941262476,31.263063218729638,0.0
2,43.0,-0.07458464959489891,31.13802964117222,0.0
2,44.0,0.018427281091348044,31.14385348443538,0.4489786700218477
2,45.0,-0.029964511739538555,32.249375160696815,0.3754631459333656
2,46.0,-0.01086643895417574,29.53479170516777,0.18431571664939606
2,47.0,-0.07207547020978614,29.61451965297539,0.45371453526884487
2,48.0,-0.06511074556762886,30.53585554327847,0.0
2,49.0,-0.054934197096266194,31.218732319192494,0.405201078103343
2,50.0,-0.0363261386135695,32.19079630210317,0.1483932222656125
2,51.0,-0.08252144319016089,30.074244830980952,0.566202163769915
2,52.0,-0.05521807983017701,31.04256811302204,0.5327006841935732
2,53.0,-0.05119208400885948,31.69931540585826,1.096496573972609
2,54.0,-0.0317790580412427,29.38719608543913,0.6929486333176915
2,55.0,-0.0363774587898416,31.342108962856372,0.082520914987395
2,56.0,-0.14814105209797807,31.90566254192532,0.46687591304766046
2,57.0,-0.030743656760449333,31.468624567957328,0.916407605055437
2,58.0,-0.08249062809890406,32.26746315161191,0.9207651279515705
2,59.0,-0.0803058606462827,30.77372459495463,1.028188536475042
2,60.0,-0.031617132518632324,31.09560067736605,1.2642488119744506
2,61.0,-0.05406384165012353,30.951384976983785,1.252438306800449
2,62.0,-0.04860790209336263,32.0129539228133,1.4607254735962427
2,63.0,-0.04990264301984454,31.923377271718838,1.8884622645367535
2,64.0,-0.05915863262692125,32.05682127062257,1.6701121032925692
2,65.0,-0.08109958398224759,30.648838422458613,2.1501687931116282
2,66.0,-0.03748985521316549,30.313983434058404,2.322026065687723
2,67.0,0.007216359466805256,30.052049310922488,2.505493059015934
2,68.0,-0.010307541194214662,30.194903768489638,2.77274836686229
2,69.0,-0.00721638515807967,30.71703040020083,3.20241625631693
2,70.0,0.017274740247053666,28.463471031573697,3.9183646713820215
2,71.0,-0.01895923961558628,32.23943552390777,3.776750066745703
2,72.0,0.12291415880774827,31.079801029507752,3.990755247585441
2,73.0,0.1329190964370965,30.56282902652569,4.54984883159009
2,74.0,0.1811903252738829,30.2458366335732,5.185712321583574
2,75.0,0.2816267818267595,31.63597042324356,5.860973859988759
2,76.0,0.36138066063105195,30.039927039175772,6.148798638721182
2,77.0,0.4317898428118077,29.249820343193463,6.567765983900092
2,78.0,0.5269816708473162,27.72189395154396,7.130009894560983
2,79.0,0.7247880498193995,27.2670122005095,8.105150401187466
2,80.0,0.8152911406483969,28.736604526128033,8.721598788113255
2,81.0,0.9306218662212223,29.58542397330095,9.5855453958189
2,82.0,1.104178763909922,26.602414853039576,10.37146483300908
2,83.0,1.239237865316909,26.96655436845688,10.865051587850614
2,84.0,1.3654705936570009,26.779957866872305,11.712242131768525
2,85.0,1.4468901348013883,25.887275321607277,12.890594498646413
2,86.0,1.5890971402232372,25.729227211420806,13.657113439492054
2,87.0,1.6011256341708386,24.027774914663215,15.023690825383666
2,88.0,1.6796212360597904,23.695477682225476,15.812160863921049
2,89.0,1.6605450153432837,21.422243741814928,16.715357467141697
2,90.0,1.6827205093157847,21.079193603351378,17.009711950781515
2,91.0,1.6249083323250089,19.850286764507253,17.930561488796698
2,92.0,1.511621590591147,18.051021667818915,18.943645224197656
2,93.0,1.4871991437187009,16.89592527876594,20.23150610368847
2,94.0,1.3487501084647144,15.919355090356536,21.03355358050816
2,95.0,1.2635534077636528,14.328025948805275,21.554784492619603
2,96.0,1.0182311007769438,13.16359697513675,22.727550948908828
2,97.0,0.992737307544972,11.349313942183567,23.572776894721155
2,98.0,0.7880991621037293,10.286687575668266,23.65773128590752
2,99.0,0.7375797423281907,9.364523885059159,24.899176877803594
2,100.0,0.6008233388014692,8.21097931435033,25.373732394011803
2,101.0,0.5304247674533714,7.543715111484133,26.057338928920416
2,102.0,0.40712269014640656,6.370743094344541,26.130642106974868
2,103.0,0.3781023310222907,5.68825793044978,26.639859964634745
2,104.0,0.217874496316362,4.856056313502411,27.79064145338252
2,105.0,0.20468405084266095,4.22911287290362,27.853888653198254
2,106.0,0.17418571252185827,3.657525258634597,28.24525328017533
2,107.0,0.1093476612469475,3.1026534761611737,28.094161115864136
2,108.0,0.12133381795252363,2.647369959024296,28.87623220057039
2,109.0,0.15117714174782365,2.2884674817659914,29.165695341444962
2,110.0,0.07586181998428322,2.035787717118547,29.586505468290206
2,111.0,0.07178920267896297,1.794441934187105,29.442300149859545
2,112.0,0.05860738538004112,1.532178078568786,29.995932045932193
2,113.0,0.05362794819738902,1.2681478485975115,29.940810549273127
2,114.0,0.0339411103085362,1.114551493256532,30.021794492582565
2,115.0,0.03412003063026765,0.9356425671656032,30.60137487155684
2,116.0,0.05216086572272462,0.8728834210656083,30.306172082464336
2,117.0,0.0028919245424383518,0.7018936404606727,30.507941842418283
2,118.0,0.03741217762705505,0.6282358372646127,30.113167428395002
2,119.0,0.010562318655761098,0.5630668641334138,30.811078803342625
2,120.0,0.013253383327818051,0.4772430081049755,30.604724514154338
2,121.0,0.0008268617457293558,0.4501163392820205,31.13700914993362
2,122.0,0.01625992979289865,0.4010435196061963,31.15314566035995
2,123.0,0.028030006994207376,0.36757524484827264,30.74501331311738
2,124.0,0.06473545246612916,0.3351288964483473,31.01420406298258
2,125.0,-0.03082167767926791,0.3013476876734783,31.062219438834457
2,126.0,-0.04644594658230873,0.2749215205833177,31.071104546781157
2,127.0,0.012273999035920712,0.2442414455886849,31.667648741938454
2,128.0,-0.03236444633259604,0.2297988627456445,31.345759957440485
2,129.0,-0.05248418983536515,0.22115007780139218,31.102443381643806
2,130.0,-0.013617366168173425,0.20587146024953978,31.392082301292227
2,131.0,-0.043136257795004226,0.19515413721252156,31.026831064817664
2,132.0,-0.06793239625235045,0.19357182701083692,31.078975451762574
2,133.0,-0.06934313723458928,0.18910852506062661,31.748411618419972
2,134.0,-0.021405725478632214,0.18424798621660665,31.23468244687353
2,135.0,-0.056117171872449335,0.18088063201715227,31.69699550976558
2,136.0,-0.08074411313054941,0.1701946659010856,31.23109714110982
2,137.0,-0.047069790922628654,0.17382384841998477,31.12354915918743
2,138.0,-0.07256923884643263,0.16571092232406753,31.761150510651227
2,139.0,-0.03468585035300994,0.17008568228892465,31.60394078597917
2,140.0,-0.08623082840279077,0.15547593271766222,31.600571035619925
2,141.0,-0.060572614006105675,0.16358817325168346,31.185843195923763
2,142.0,-0.04572414207090925,0.1623335036438092,31.563020469011793
2,143.0,-0.043049393232724636,0.1629058030805091,31.376639292143885
2,144.0,-0.06118944549282904,0.15498085801854827,31.582960198955877
2,145.0,-0.06981244249969872,0.15181401165696387,31.360904845359336
2,146.0,-0.07052935132677852,0.15334681832137143,31.54847515381856
2,147.0,-0.08766805261728852,0.15485566272285234,31.407593975483834
2,148.0,-0.046961778654658184,0.1516228602742303,31.182344575696337
2,149.0,-0.055485255782043955,0.15644734474516073,31.207626738383833
2,150.0,-0.006150895409133134,0.15172269564583937,31.430608517152567
3,20.0,0.03324138559153329,30.934701897068827,0.0
3,21.0,0.08616887026453145,31.660864891405666,0.0
3,22.0,0.016097178978404153,31.397099445789998,0.17591490777606955
3,23.0,0.06298814689811807,30.692531225472457,0.0
3,24.0,0.03498097619535573,31.20762964711138,0.19037372427105992
3,25.0,0.05662663863590002,31.050605445844297,0.0434842188441832
3,26.0,0.058248965380335194,30.285502776042044,0.0
3,27.0,0.062179724842659004,31.270376991519733,0.0880524947282091
3,28.0,0.08019285898512667,29.87114613522444,0.0
3,29.0,0.07237193724547913,31.234507547712603,0.12501317088347466
3,30.0,0.06482020082024167,31.44702271415527,0.0
3,31.0,0.06965381089126073,30.092356299553746,0.009132120082867335
3,32.0,0.030498129776796987,31.301356464552626,0.015531626197801858
3,33.0,0.04545898040083937,31.28335702705584,0.0
3,34.0,0.011417198982165276,31.52679566582535,0.19135047035503233
3,35.0,0.04513854506423669,31.093080820491853,0.27730780363816226
3,36.0,-0.0030625511692849647,31.76872284339887,0.04290535418711161
3,37.0,-0.015132873431252705,30.43087051167968,0.36805035644738016
3,38.0,-0.006359644666299539,30.859916413594565,0.112020928473068
3,39.0,-0.009084742504872149,30.8300219762686,0.0
3,40.0,-0.017666283540437578,30.897808916607325,0.18854289461803186
3,41.0,-0.0021861352361455303,30.767695212572768,0.6789934839939913
3,42.0,-0.041050245136029166,30.91269257559323,0.0
3,43.0,0.028635753736294907,29.64760533893381,0.14206171650364224
3,44.0,0.004718600692687104,30.448295596071084,0.0
3,45.0,-0.004089804281333723,31.205225578684498,0.18168331142881575
3,46.0,0.002707629028829074,31.40492170749585,0.09385500141196884
3,47.0,-0.03962394036126737,32.22183308621741,0.3941949392646541
3,48.0,-0.038396203285668715,31.85529106051964,0.2633928510289387
3,49.0,-0.05664099393595726,31.746433100090712,0.7197043846305893
3,50.0,-0.052249805658100834,30.177560218211504,0.33781255927160275
3,51.0,-0.03194481253714846,31.35209849725177,0.5479912241518148
3,52.0,-0.08108201820790148,30.615439479078727,0.9481788250718215
3,53.0,-0.01049036802652066,30.605758231596344,0.9425270111646395
3,54.0,-0.030112246342301207,31.94733118869246,0.448441778983995
3,55.0,-0.0336376970371639,31.048745105343844,0.7340389267008415
3,56.0,-0.05572007571981247,30.948030087497294,0.6876788550078098
3,57.0,-0.05898361007626642,32.03255933127893,0.45051737123179086
3,58.0,-0.06929776581393231,31.164015184084104,0.8020245232134966
3,59.0,-0.05586337839673264,32.05598986752797,0.603971995980487
3,60.0,-0.06357747245168918,30.69764870095089,1.0553287837275598
3,61.0,-0.0672343525079187,31.18963012224358,0.8586092583816736
3,62.0,-0.035269026104513,30.716654894742256,1.4882194856099336
3,63.0,-0.06623019805235858,30.702008448460948,1.6819802829490529
3,64.0,-0.07387656258722952,31.128629493419492,1.8699851438406891
3,65.0,-0.024604857054111542,31.16019503253391,2.0347436349123234
3,66.0,0.0022766765787518364,30.757758306350723,2.329332831568519
3,67.0,0.013291697657904278,31.335470105005758,2.4124458557031643
3,68.0,-0.036159559202516456,30.784720862375096,3.0353828891831687
3,69.0,-0.024002619304829394,29.200463717905393,2.8571109439644893
3,70.0,0.02955386770536961,30.36387648856238,3.5184185276910913
3,71.0,0.049913120143980465,30.8003311692846,4.351419725628375
3,72.0,0.11702265394600345,30.84727467050602,4.108232042479672
3,73.0,0.135238102689224,29.993376180487797,4.844605932897557
3,74.0,0.23543775192268668,30.640924083044872,5.450093429694582
3,75.0,0.2621768100057523,28.735461017833295,5.557801265313239
3,76.0,0.3664424294408095,29.901349052488854,6.334306779823284
3,77.0,0.43629632965489107,29.035438581113297,6.515385764416748
3,78.0,0.591012758092159,30.243216522092894,6.791270340607358
3,79.0,0.6772853038738227,28.873131398452994,7.982936566711801
3,80.0,0.7925184064720274,28.532359001642025,9.18192189271455
3,81.0,0.9636174972122681,28.057833600619826,9.16775469499952
3,82.0,1.117868238864026,28.660761003184636,9.99474742372406
3,83.0,1.263315543812383,26.868221495838675,11.186981554575377
3,84.0,1.3666015198218964,26.81178944473186,11.866224290033243
3,85.0,1.4561099556313026,25.720211209016277,13.483151783935387
3,86.0,1.556500249094972,24.346298912503688,13.885001385599622
3,87.0,1.6915083309332428,23.750134264420797,14.843119036794393
3,88.0,1.6333640386227226,21.60195501777114,15.866245632215524
3,89.0,1.6932519029446604,22.791374216901126,16.72637615583153
3,90.0,1.6677859032477367,20.3752626131796,17.63327101954244
3,91.0,1.5660902321604824,19.340471697693978,18.625782908945563
3,92.0,1.5801847655148547,17.99164667606929,19.613863065852485
3,93.0,1.4658016118333932,16.205666088018667,19.692807774617275
3,94.0,1.338886853399783,15.39701606772893,21.25439859960323
3,95.0,1.2495356935821385,13.825260546749467,21.652690309599112
3,96.0,1.105396002362853,13.412297187273245,22.409183799498766
3,97.0,0.964415672078786,11.57194692800262,23.41022419382625
3,98.0,0.8589907475123527,10.254744384837585,23.933974986599534
3,99.0,0.6833722326975207,9.272275710888579,25.03294169930582
3,100.0,0.5915689370520011,8.44340019140943,25.340140210788103
3,101.0,0.4924762446286061,7.425362525303863,26.080545395103353
3,102.0,0.4382866456744102,6.252282993933712,26.517336155256423
3,103.0,0.3332002701158808,5.7315983053824695,26.98052265299043
3,104.0,0.28669369532510386,4.78792297006061,27.12925217312535
3,105.0,0.24326885906977402,4.332579572462053,27.510488170408568
3,106.0,0.15329655502839368,3.5822580682443235,28.09094281475846
3,107.0,0.14204216659338495,3.2488507718638844,28.58141299650537
3,108.0,0.15101801919132174,2.793604808335274,28.846703353238592
3,109.0,0.08370278807025901,2.3457246431819416,29.073276941150105
3,110.0,0.11342126979576606,2.0637686290803234,29.15342380444834
3,111.0,0.09063756035457564,1.7295439202999798,29.8748992877069
3,112.0,0.06031489631675464,1.5499023280089046,30.07888187456395
3,113.0,0.051770160129800756,1.2832683117005772,29.741842112650303
3,114.0,0.022593458460419776,1.1002501005907448,30.1844903501403
3,115.0,0.0781956450496668,0.9581532553136817,30.484364505828474
3,116.0,0.041137266637304486,0.8309087223080837,30.771889006184388
3,117.0,0.017273311668574133,0.713904438250318,30.556359371486014
3,118.0,0.015388402192547808,0.637595913511781,31.0102347371513
3,119.0,0.04231727089642286,0.5593901079678771,30.945344480457525
3,120.0,0.007673905078409847,0.48208944841755835,30.83143596449814
3,121.0,-0.010602896784083628,0.4552770443103451,30.99296578772591
3,122.0,0.00941759575156762,0.41917193878837994,31.13000937435401
3,123.0,-0.031292647928332765,0.3561153523656759,30.59198029833476
3,124.0,-0.03456804444814939,0.32983517407122376,31.187437803885512
3,125.0,-0.0390683286447522,0.2817909242836663,31.401221820555993
3,126.0,-0.03183941498752016,0.268267206422272,30.737296256140414
3,127.0,-0.005480032279681989,0.25707726037948075,30.821486612647572
3,128.0,-0.013623583726361688,0.240634550137824,31.07101704742237
3,129.0,0.008790438920980852,0.22571279149924928,30.890537208964492
3,130.0,-0.012567671041614166,0.21278898508099464,31.16252042808977
3,131.0,-0.016302596715908627,0.2032289564770873,31.58489007068036
3,132.0,-0.023962796993321434,0.1861691538333142,31.443081502035373
3,133.0,-0.047671089235293215,0.1869587797386933,31.02979600941135
3,134.0,-0.060757840202294446,0.18627557638404993,31.81480502131419
3,135.0,-0.05068000486342922,0.1776134614173951,31.458809728302523
3,136.0,-0.048606602735302186,0.17397511887014874,31.68581972004165
3,137.0,-0.0407484253254914,0.16788809068145946,31.579842211604507
3,138.0,-0.0545918127551628,0.16521902690040585,31.435858153288518
3,139.0,-0.01741030582971525,0.1649733745207376,31.432541002034526
3,140.0,-0.03957564465854768,0.16085848065880687,31.710122506521156
3,141.0,-0.040061981232653004,0.16585001222058487,30.8794575139388
3,142.0,-0.03389813996528358,0.15486245895195147,31.644866867219154
3,143.0,-0.12403307704800323,0.1595254314138976,31.6561156881355
3,144.0,-0.05847486154017019,0.15351795556201184,31.21805287995893
3,145.0,-0.010591537450582486,0.15688640145251936,31.308815376298533
3,146.0,-0.09368811220186073,0.15470615682932382,31.281903327135552
3,147.0,-0.021424784575580523,0.1575922799719548,31.234320058789365
3,148.0,-0.04385319768474887,0.14389793949507154,31.606143626483448
3,149.0,-0.07848864866395454,0.14909875848356396,31.156037267830047
3,150.0,-0.10188933428126506,0.15065868213682032,31.42105355127017
4,20.0,0.06880032735951044,30.88788878556772,0.0
4,21.0,0.07276350032235035,32.50167800311538,0.0
4,22.0,0.07297237438675028,32.388483817384056,0.3561488374164777
4,23.0,0.06766141027496463,32.41157749586277,0.2005070031746832
4,24.0,0.09856158052829762,32.31354655168465,0.1870219933656077
4,25.0,0.050043550910210156,30.52720208503453,0.06320845037241128
4,26.0,0.06399692364431539,32.39989943123692,0.11101442932252012
4,27.0,0.018058505389838046,30.11220162331957,0.0
4,28.0,0.040559050661155026,29.92440133299642,0.5130438413768438
4,29.0,0.008003610055491238,31.271765473218522,0.0
4,30.0,0.058333665102762944,30.023332256417344,0.1263064500166406
4,31.0,0.05444053442004791,30.59510791892659,0.0
4,32.0,0.00030262615247938357,30.407981588760567,0.027366853153670972
4,33.0,0.0736889406551514,30.969762843245384,0.6798825128635987
4,34.0,0.009277421592681145,30.88915397485061,0.0
4,35.0,-0.004678031917356145,31.472565229523166,0.5317732221644607
4,36.0,-0.003386546972817917,31.615896758094454,0.3147944608481287
4,37.0,-0.011680788337468127,30.861699120032736,0.0
4,38.0,0.022522915603130175,31.16259937175971,0.4191464240727817
4,39.0,-0.0033402054554832576,30.901770309891162,0.28545180013994176
4,40.0,0.016246078637826858,30.27777759744636,0.3426467757735515
4,41.0,0.0021350553153305536,31.044617446307353,0.2489878364847206
4,42.0,0.02048201148413929,32.40633868715508,0.0
4,43.0,0.0011898557114438605,32.561385895249465,0.4545344662471199
4,44.0,-0.015025638504546444,30.2380319304885,0.0
4,45.0,-0.009586465814482257,30.06942418062494,0.49081670104166253
4,46.0,-0.00659768407757786,30.288259490079852,0.11006153291257044
4,47.0,0.0031025257310483625,30.316929278944617,0.3597452683570936
4,48.0,-0.06273229889055157,30.749936787868396,0.3848396210526327
4,49.0,-0.003095882265173336,31.03612679034219,0.2754262219112359
4,50.0,-0.09266385031436267,31.274394568053545,0.42379809897651566
4,51.0,-0.04712794559066896,30.413706710577316,0.39338289788448644
4,52.0,-0.057092133759289954,30.201441043916738,0.5501800321409479
4,53.0,-0.02868238396794802,30.819917356799632,0.8216898688237908
4,54.0,-0.08065553525610719,30.995816303864324,0.8601463353078529
4,55.0,-0.07579761685304828,32.43586376031609,0.4560025441051688
4,56.0,-0.06495074039896136,31.52127765442912,0.8426553685157215
4,57.0,-0.11392156980168075,31.915454791315035,0.2634252901066618
4,58.0,-0.12438157485061865,30.773522637838003,0.6770921300432439
4,59.0,-0.015183914074734253,30.3913834364086,1.1897853839984527
4,60.0,-0.046848885577573995,30.63848063581459,1.2289313381397526
4,61.0,-0.05131187290706823,31.9345736038068,1.3496664041322972
4,62.0,-0.04459290618673364,32.24216943030806,1.2294629903036558
4,63.0,-0.053690795620222574,31.39072048134798,1.0922069198940287
4,64.0,-0.05144882687753896,31.064569096936573,1.7212138887280004
4,65.0,-0.07155786672423836,31.976032484838935,2.2554813655043784
4,66.0,-0.018694463457658027,30.347220162441246,2.3802943758518147
4,67.0,-0.015205163690503037,29.534924602969852,2.113704180528919
4,68.0,-0.03478295785733457,30.05389712277099,3.0677697098799257
4,69.0,-0.0027901199121043727,30.471206135355366,2.7439838192814268
4,70.0,-0.010683017461995844,29.085212927280754,3.2758504010791576
4,71.0,0.006330186917292986,30.963608912968503,3.987545087878649
4,72.0,0.05164914652824536,28.924394302981494,4.370769920658239
4,73.0,0.15615595394768556,29.89872927823165,4.798824321434269
4,74.0,0.15813441315831198,30.986888437281692,5.162011935807811
4,75.0,0.3184105176842522,29.767522082363197,5.671147035805762
4,76.0,0.30340723120331237,30.39787605246022,6.395834756345098
4,77.0,0.45318738215967436,27.679640005921367,6.659148806366136
4,78.0,0.5244452946209316,29.881851656196616,7.340997212782755
4,79.0,0.6269836298360785,29.506999662558194,8.294568008097295
4,80.0,0.8466103585677491,28.385198097899632,8.493205630772547
4,81.0,0.986714233854919,27.162706899727276,9.36065358756946
4,82.0,1.0332154103495887,26.7777417060828,10.705410013089837
4,83.0,1.194082172226217,26.424335939424815,11.048406727780279
4,84.0,1.3601105468592172,26.7259447867531,11.996176446233566
4,85.0,1.4388270907230154,24.532404195773985,12.665815753547426
4,86.0,1.5178778721706614,25.458436616184546,14.025637913098441
4,87.0,1.6220828906451021,23.809809847659913,14.928169279634922
4,88.0,1.6730401315545496,22.60935356873742,15.847195993629931
4,89.0,1.6601649175847233,22.201643513359084,16.642444993396246
4,90.0,1.6394758942007919,21.150380559038158,17.686198410032812
4,91.0,1.60293036516638,19.31420654941272,18.558962944070448
4,92.0,1.5667319043650074,18.81696299716155,19.478113719803687
4,93.0,1.5075916176346205,16.817037349672518,20.483441380571303
4,94.0,1.3480681702500104,15.853893156654397,20.89716431242249
4,95.0,1.2740235253724124,14.507532144501901,22.034482574654888
4,96.0,1.1568005805664237,13.208476736841984,22.813984203181597
4,97.0,1.0096598065858065,12.057481841090807,23.1937141451543
4,98.0,0.8154555899005095,9.838064356321176,23.753014957634583
4,99.0,0.7617372218944384,9.322333424998146,24.279349412929847
4,100.0,0.7065316611092697,8.319263862877454,25.37877847044556
4,101.0,0.519305717705869,7.314896406945869,26.30681511436446
4,102.0,0.4083709183949386,6.273972906266155,26.23802492528768
4,103.0,0.3165280154619122,5.718127129698674,27.119066615025123
4,104.0,0.2874216127332019,4.757099328669537,27.283526927560523
4,105.0,0.2320214021604897,4.262834606336104,27.491599893965954
4,106.0,0.23272731975606123,3.6434484800629545,28.02590719201429
4,107.0,0.12833646602854454,3.1617734985286368,28.731058534019386
4,108.0,0.15040538015559896,2.679278877835974,28.79739481211335
4,109.0,0.12194262467359387,2.351665637615775,28.81625136747333
4,110.0,0.06785395323313648,1.9667431260794948,29.47732232584867
4,111.0,0.09756783653558165,1.6475230238362488,29.237659126911428
4,112.0,0.023459513006869874,1.4380013030481142,29.512593227287574
4,113.0,0.04781445181056895,1.2743837948940606,30.092913345158703
4,114.0,0.015400006657449016,1.099030557505367,30.101503458511317
4,115.0,0.054478916341501586,0.9365736045307395,30.398710509297434
4,116.0,0.04711989999814953,0.8232214173198594,30.656355464916746
4,117.0,0.03239987567927165,0.7362592754261517,30.339971642264096
4,118.0,0.009345059657530163,0.6387273852263199,30.791003923064146
4,119.0,0.004774769258010927,0.5676090460240714,31.241091248957584
4,120.0,-0.0006883911417034858,0.4982136881727004,30.774851737905085
4,121.0,-0.012133287703824401,0.4399736271400655,30.89734186330404
4,122.0,0.02487304198467427,0.39565935028075555,31.028013256015136
4,123.0,-0.02756358335299232,0.33722183234798997,31.145430229371687
4,124.0,0.02425568672892285,0.33296935016751655,31.556933400026633
4,125.0,-0.0004300756522553021,0.2989063993516895,30.693574570283324
4,126.0,-0.03139210696472794,0.26930268279326847,31.201592755240387
4,127.0,-0.007940397165823412,0.25394004520109875,30.99099619519682
4,128.0,-0.005836334470340002,0.22993204176748683,31.321528564343033
4,129.0,-0.0007422597186474804,0.23035976565493646,31.368831269974898
4,130.0,-0.03383524921905895,0.21894377121809444,31.318337592923477
4,131.0,-0.04875535639518103,0.2033499929875427,31.527307761736296
4,132.0,-0.028855962380840997,0.18979236701242283,31.39823513225445
4,133.0,-0.01883224757684415,0.18913199318700188,31.168466510550292
4,134.0,-0.0470804592932779,0.17929006774745643,31.323192412068266
4,135.0,-0.0749905525307356,0.18130172985759624,31.27014508412283
4,136.0,-0.08929795989196346,0.1738703998765814,31.17794269111227
4,137.0,-0.07530186829797343,0.17371493145559055,31.446452664248536
4,138.0,-0.07351694770897757,0.16078385418412744,31.221596441358273
4,139.0,-0.042593450870820886,0.16743039117196207,30.9294508455651
4,140.0,-0.023614042186467864,0.1628421985274508,31.403481057610755
4,141.0,-0.07673208663028708,0.16202139075759897,31.307961289586373
4,142.0,-0.08480387569121356,0.15406222066811878,31.628453360388836
4,143.0,-0.06141939149997346,0.15811642127148354,31.290299614915387
4,144.0,-0.10056764150732875,0.1607140384461176,31.567382562138228
4,145.0,-0.06240751532907776,0.16049488186640706,31.184706582536876
4,146.0,-0.06367036138482325,0.15711735330581472,31.453694241977793
4,147.0,-0.03799744861858549,0.15885816450945278,31.074973381955083
4,148.0,-0.062004057304063706,0.1571181366700822,31.51846624315281
4,149.0,-0.031729166195475694,0.1595324324066829,31.238068435304093
4,150.0,-0.04719513124501584,0.1555456391585055,31.769834536060362
5,20.0,0.03591960294892631,32.30441829721965,0.12227263679838524
5,21.0,0.09785484081819013,32.17522159273444,0.24384648938040906
5,22.0,0.059350732381525564,31.272449764690204,0.0
5,23.0,0.057564637110909825,31.433966985165107,0.15210159723757383
5,24.0,0.0254663207219067,31.022087668308917,0.01882501709425022
5,25.0,0.0503781205608486,30.36140994704493,0.10802725156543543
5,26.0,0.05292246518635267,31.973762892456413,0.523412896779187
5,27.0,0.031010744369212685,29.7810995760118,0.04086837377307463
5,28.0,0.021973594530424325,30.492826257969938,0.0
5,29.0,0.037960514310860595,31.62746201847942,0.0
5,30.0,0.03175830505760058,31.154804895313163,0.2858091997926075
5,31.0,0.07388026575019072,29.832217122447922,0.04188917343355324
5,32.0,0.1011072109137059,31.41289879296855,0.0
5,33.0,0.04275087717737477,31.47821430399128,0.40025341081731747
5,34.0,0.03644382403383619,31.033746164730356,0.6027617877499042
5,35.0,0.021209075880038925,30.706391761246575,0.17316436558492498
5,36.0,0.011208302521038164,31.934734903322088,0.0
5,37.0,-0.011130948716991617,32.52312881269627,0.3766588795008556
5,38.0,-0.0021881289798702953,30.977537704315395,0.21675580759072832
5,39.0,-0.016872905452657384,29.289417527116928,0.0
5,40.0,-0.010078369811201944,30.11267072746582,0.41403103699558225
5,41.0,0.046517088207670046,32.27138291282045,0.20037477791142042
5,42.0,0.020359068267625575,30.620893871812036,0.14986529111649657
5,43.0,0.024439272410402578,30.337433850491692,0.0
5,44.0,-0.019902037305663367,31.15006944543601,0.23357550776885683
5,45.0,-0.0028712705036813696,30.783286998887487,0.04236103493020468
5,46.0,-0.020824303198214288,30.586266204085707,0.39440390919510326
5,47.0,-0.022420475242528395,30.876631959606414,0.35452441628631315
5,48.0,0.00014290734140977313,30.484167681230613,0.3847885918952325
5,49.0,0.001145197437850999,29.813248401782502,0.3166756817062101
5,50.0,-0.040762189654380186,32.40099787495671,0.7853730220470996
5,51.0,-0.045927842360992364,30.75479113176177,0.3926287448606273
5,52.0,-0.04842851497785638,30.681473237802958,0.363154151899077
5,53.0,-0.045701953699744065,31.140848081395013,1.081686392944565
5,54.0,-0.06961660221179782,32.28763785699428,0.5429925950250316
5,55.0,-0.07601049826395659,31.27618105563663,0.3903633742557717
5,56.0,-0.08955725077187693,31.86101850210517,0.7156249015672076
5,57.0,-0.05589125974273396,30.360242663785076,1.0135459221796566
5,58.0,-0.0547117692444333,30.158225431882684,0.8826933762645642
5,59.0,-0.04196145504741973,31.55553592656298,0.9172528694901626
5,60.0,-0.03944646141948971,31.669027485496652,0.8310110173506958
5,61.0,-0.08382679738191277,32.38284292314074,0.9411246648977158
5,62.0,-0.02561217448296161,31.2726701872203,1.6601218208547166
5,63.0,-0.07352371585897866,31.899472276561433,1.625824414432761
5,64.0,-0.10444673088754258,32.34907411128185,1.8246640359719648
5,65.0,0.002579208063130778,32.36435959023395,2.0457507967416992
5,66.0,-0.07987497773803862,30.32498543483338,1.9943866557069563
5,67.0,-0.03151389684865883,31.136692856343327,2.599601788363001
5,68.0,-0.05465344951577881,31.497584266258823,3.10681901540524
5,69.0,0.011435350824230032,31.947962415277956,2.869242755823397
5,70.0,0.03278370021220432,30.381497947322128,3.0567533686288026
5,71.0,0.05136257930831717,31.044174738922916,4.012151064585154
5,72.0,0.07952225493645941,30.206900467856652,3.9573036840155114
5,73.0,0.18656991263552475,30.639992853148403,4.278495591138848
5,74.0,0.18322433260001827,30.507089921024658,4.980340680236615
5,75.0,0.2446662622346059,30.620226005707256,5.724994738652101
5,76.0,0.3613818745444275,29.825327002777822,6.361755855905884
5,77.0,0.4040916156025842,29.617849212968135,6.884303809033119
5,78.0,0.49437429049705056,27.934328324941948,7.309738599785339
5,79.0,0.6707102643726838,28.262862996685218,8.609775765168148
5,80.0,0.7946057365068817,28.811954202349234,9.120352417588265
5,81.0,0.9337904156506907,28.266843846644026,9.691727288416137
5,82.0,1.0263963120693909,27.99355304371335,10.356192898478515
5,83.0,1.2119682854013067,27.392053680440736,11.539847616142527
5,84.0,1.344963793333274,25.689119659477456,12.559293998889443
5,85.0,1.4336734075598687,25.804842343939494,12.859165348153988
5,86.0,1.5340638645439586,24.322936929381882,13.72522903674253
5,87.0,1.5875287576853618,24.338927889766943,14.9947257701925
5,88.0,1.6617903714886169,22.676761118138128,15.72303350927021
5,89.0,1.6627691118992702,20.862657865503618,16.99921270750175
5,90.0,1.6728522146895508,20.93008862523291,17.55180298389497
5,91.0,1.640872028273565,19.610297804115085,18.695705662737137
5,92.0,1.548742452272886,18.302891983472993,19.156716426790133
5,93.0,1.4397833004002842,16.75127590087412,20.25854013490008
5,94.0,1.3959582329039524,15.72382506791183,20.699796027331963
5,95.0,1.2870240367090735,13.826754980643527,22.1686207366638
5,96.0,1.1396872950099985,13.302570668142781,22.768521960803948
5,97.0,0.9974575501429362,11.740000328998887,23.11591051968089
5,98.0,0.8951453717231252,10.477923269255552,24.223719327814912
5,99.0,0.7919755367633166,9.562317416528034,24.564192536258396
5,100.0,0.6392881137408176,7.858185113977179,25.422362240606166
5,101.0,0.5407773157126153,7.37042947629207,25.268518091508525
5,102.0,0.4577412677874093,6.536092587855685,26.29301189573236
5,103.0,0.36392797888597395,5.223553061357233,26.59613043956226
5,104.0,0.3161894559096878,4.850061910279721,27.483687505046
5,105.0,0.23025495825663575,4.009279312206617,27.909222320602225
5,106.0,0.17022154233208908,3.5450628205484165,28.060308036865504
5,107.0,0.1775831577697429,3.1813411915751137,28.519686282058174
5,108.0,0.08456507140603528,2.7317613001552195,29.504641843868082
5,109.0,0.09442928994057445,2.2588056187994705,28.852906952860394
5,110.0,0.053480986979931186,2.0660470450615604,29.327542704967556
5,111.0,0.08030323567933181,1.6740861957931963,29.485492403608426
5,112.0,0.04487861108405226,1.5230429343590295,29.920620919237646
5,113.0,-0.0002611272135379719,1.2474083886026024,30.03791086282237
5,114.0,0.029434904968004154,1.1148857514198587,30.140220392922576
5,115.0,0.034484759612685684,0.9758958725281796,30.216508098577496
5,116.0,0.04784249951326165,0.8276072266114534,30.185798151833353
5,117.0,0.0593181069885357,0.7126230443182171,30.58397440404512
5,118.0,0.008134561069894703,0.6244215718718905,30.482262691705106
5,119.0,0.014232441246536377,0.5871323571729578,30.466350266128167
5,120.0,-0.0295530652903937,0.5184022523421444,30.940282210475633
5,121.0,0.0317559607845859,0.41898811398055885,30.93708599986926
5,122.0,-0.006760488241409658,0.4255476500101901,31.161420057740443
5,123.0,-0.008281508227310873,0.3530301426852093,30.561103595303297
5,124.0,-0.0017176734399142251,0.3308291840493807,31.138134395432207
5,125.0,-0.030704731050091194,0.30013095380244575,31.101604444556653
5,126.0,-0.014820123636289007,0.2735672841419944,31.243256862659276
5,127.0,-0.04143093591186731,0.2576900726995818,31.055628690735674
5,128.0,-0.04117638462072061,0.2365279015367328,31.00222027057209
5,129.0,-0.011899916746671957,0.23360137075460324,31.162962169445724
5,130.0,-0.026422915701556346,0.21279213504792563,31.645846885825893
5,131.0,0.013409070318921128,0.20447089831457602,30.806299662753638
5,132.0,-0.03778574369043649,0.19320055475041326,31.371150511274784
5,133.0,-0.03387675108277869,0.18146863760400955,31.117096350638153
5,134.0,-0.015253789449459418,0.17364568034951117,31.4138037547054
5,135.0,-0.04033864886958801,0.17755593496695338,31.48159345389994
5,136.0,-0.03358077433873319,0.17756268760261132,31.39534829590774
5,137.0,-0.07541160270201781,0.17504844638656172,31.45677044252238
5,138.0,-0.06588885090001811,0.1676065102268754,31.50945443747281
5,139.0,-0.02234507346685239,0.15938864290364338,31.098917375027977
5,140.0,-0.05651468494780003,0.16205032543240414,31.674198097093303
5,141.0,-0.05218335964806179,0.15749906088105017,31.40770293632119
5,142.0,-0.030141896924255094,0.15914576880265538,31.862207147442113
5,143.0,-0.06688215361012446,0.15971589009941745,31.526638124263812
5,144.0,-0.06189426815708504,0.159696418060457,31.74684635062456
5,145.0,-0.06143153201849797,0.15260057661553084,31.796296738543106
5,146.0,-0.09341596311541092,0.15361885011863163,31.288798592781248
5,147.0,-0.01832968454283366,0.15154224299742441,32.01445515439532
5,148.0,-0.015319447621123715,0.15402832613668274,31.84215478411938
5,149.0,-0.07835090272265913,0.14924730509418066,31.528901075292943
5,150.0,-0.08060956362285714,0.1554397554098921,31.66507111119378
