paired_cases,variant,seed,shape_MAE,force_MAPE
5,physics-informed residual PIRN,1,0.051543829846613896,0.11848079431784458
5,physics-informed residual PIRN,2,0.05091140421163991,0.12260177737671064
5,physics-informed residual PIRN,3,0.05266832399592645,0.11173535155432271
5,physics-informed residual PIRN,4,0.04446667838436619,0.10778851033807224
5,physics-informed residual PIRN,5,0.04532201627172693,0.09647614735495859
5,physics-informed residual PIRN,6,0.04482909809818676,0.11857211217870664
5,physics-informed residual PIRN,7,0.047672156286375285,0.14564754211179679
5,physics-informed residual PIRN,8,0.044614864641863865,0.1160067975483954
5,physics-informed residual PIRN,9,0.04457442107973529,0.11511165241673182
5,physics-informed residual PIRN,10,0.04994610603628913,0.11059931074977282
5,physics-informed residual PIRN,11,0.049092601597582754,0.11849758380366406
5,physics-informed residual PIRN,12,0.04336992385376312,0.12062338337430357
5,physics-informed residual PIRN,13,0.0468059224227814,0.09875785824258768
5,physics-informed residual PIRN,14,0.04886407811523487,0.10204461360781793
5,physics-informed residual PIRN,15,0.04855005841381845,0.12352993945957057
5,physics-informed residual PIRN,16,0.04817622432849763,0.11910809645925813
5,physics-informed residual PIRN,17,0.04418678708670967,0.11841521923776581
5,physics-informed residual PIRN,18,0.04899056980009149,0.11383374699069963
5,physics-informed residual PIRN,19,0.05220385635441193,0.11090173003314305
5,physics-informed residual PIRN,20,0.04690259274246126,0.11427956090163527
5,physics-informed residual PIRN,21,0.04515614720568029,0.10861847631933594
5,physics-informed residual PIRN,22,0.045273741885347885,0.09427092954979625
5,physics-informed residual PIRN,23,0.04595270050753552,0.12106110516668987
5,physics-informed residual PIRN,24,0.04856539155502502,0.11986225409524177
5,physics-informed residual PIRN,25,0.04660847494707018,0.11102736520819326
5,physics-informed residual PIRN,26,0.044920729571833774,0.12389980994220086
5,physics-informed residual PIRN,27,0.051270155445757484,0.11227687098463442
5,physics-informed residual PIRN,28,0.04569057772606602,0.09873008707073552
5,physics-informed residual PIRN,29,0.05002710043391296,0.1032019619664465
5,physics-informed residual PIRN,30,0.05099629764948993,0.12473662628943172
5,data-only residual network,1,0.06935411238199052,0.15719871490852325
5,data-only residual network,2,0.06726636703620158,0.1553494045742747
5,data-only residual network,3,0.06270108158846416,0.16354173627410917
5,data-only residual network,4,0.06551986659430507,0.1556174715366846
5,data-only residual network,5,0.0667402738966294,0.1668934866316316
5,data-only residual network,6,0.07032833044139393,0.16600617802012285
5,data-only residual network,7,0.06878245985842245,0.1670783747574953
5,data-only residual network,8,0.06684889534200275,0.145445436287617
5,data-only residual network,9,0.07165240170916151,0.14933399874612174
5,data-only residual network,10,0.06946137263538466,0.1741475929481811
5,data-only residual network,11,0.06782693883915318,0.1693248126578839
5,data-only residual network,12,0.06482316057130169,0.16845123586430716
5,data-only residual network,13,0.06687026437925819,0.1620069908083311
5,data-only residual network,14,0.06602397403103807,0.15169048783650058
5,data-only residual network,15,0.06549045978954116,0.1649542607530609
5,data-only residual network,16,0.06436481097286076,0.15137496294872257
5,data-only residual network,17,0.06598912698310333,0.14981033943195238
5,data-only residual network,18,0.06945540712726445,0.16758600285694225
5,data-only residual network,19,0.06698460669107287,0.15716587905405424
5,data-only residual network,20,0.06680132099446498,0.17387608662357454
5,data-only residual network,21,0.06344304900597036,0.1555677930324924
5,data-only residual network,22,0.0649211899061551,0.16598210083584186
5,data-only residual network,23,0.06350551088100956,0.15572299766290654
5,data-only residual network,24,0.06973195157196321,0.16189258252366664
5,data-only residual network,25,0.06454434242158319,0.16503205137660754
5,data-only residual network,26,0.06633109346250556,0.16122112265357516
5,data-only residual network,27,0.06387238994440066,0.1599837489789919
5,data-only residual network,28,0.06976515309761057,0.15920292026589986
5,data-only residual network,29,0.06589009729216319,0.16443003476764953
5,data-only residual network,30,0.06593391148759274,0.15268173761330134
10,physics-informed residual PIRN,1,0.03436388464864804,0.08227146224640315
10,physics-informed residual PIRN,2,0.03977958606650012,0.09202700422956163
10,physics-informed residual PIRN,3,0.0380191202888323,0.08333037238802209
10,physics-informed residual PIRN,4,0.042932076073451945,0.07446032031743256
10,physics-informed residual PIRN,5,0.0376616442750623,0.08168450663883521
10,physics-informed residual PIRN,6,0.037084060112703064,0.08199240592657854
10,physics-informed residual PIRN,7,0.040968713767136275,0.08829265291548039
10,physics-informed residual PIRN,8,0.036285511462068154,0.0899822347635095
10,physics-informed residual PIRN,9,0.042029633797130136,0.09518504692206373
10,physics-informed residual PIRN,10,0.037933422170895514,0.07220198663700433
10,physics-informed residual PIRN,11,0.0320934559277479,0.08469722257164085
10,physics-informed residual PIRN,12,0.0408053982526344,0.09740174323210253
10,physics-informed residual PIRN,13,0.03507961356294656,0.09164090889530933
10,physics-informed residual PIRN,14,0.03905048637237591,0.0846897895014462
10,physics-informed residual PIRN,15,0.03712550309570031,0.09145986679398743
10,physics-informed residual PIRN,16,0.03712789465268645,0.07988410525738025
10,physics-informed residual PIRN,17,0.037345703099563254,0.11004915674255195
10,physics-informed residual PIRN,18,0.04103989550475707,0.09887965379406845
10,physics-informed residual PIRN,19,0.03856631306095,0.08466706509824048
10,physics-informed residual PIRN,20,0.04091531708798044,0.08357947653984218
10,physics-informed residual PIRN,21,0.03472958027936675,0.09115327637743188
10,physics-informed residual PIRN,22,0.03448309026211086,0.07563260272219478
10,physics-informed residual PIRN,23,0.035458708493796266,0.08676785467084457
10,physics-informed residual PIRN,24,0.034717347618295646,0.09582022338393315
10,physics-informed residual PIRN,25,0.038603972848314204,0.08888934771998153
10,physics-informed residual PIRN,26,0.040056360565433456,0.09023068867877831
10,physics-informed residual PIRN,27,0.03669776657421471,0.0825580936947383
10,physics-informed residual PIRN,28,0.03923320475515486,0.08708736991427826
10,physics-informed residual PIRN,29,0.03497100665348641,0.08974251168733509
10,physics-informed residual PIRN,30,0.04382968290219259,0.09130218451282206
10,data-only residual network,1,0.052394421212590254,0.12909235794600302
10,data-only residual network,2,0.057091014204507344,0.14067777618754962
10,data-only residual network,3,0.054782442499187144,0.1161048539276465
10,data-only residual network,4,0.05607186736589622,0.12476800999923453
10,data-only residual network,5,0.05054777221459823,0.11831492275161049
10,data-only residual network,6,0.05218454707736449,0.13382423968182544
10,data-only residual network,7,0.05802007144494048,0.13948019723728108
10,data-only residual network,8,0.051110738948300614,0.12324899917305887
10,data-only residual network,9,0.05426773348713483,0.13649081342758929
10,data-only residual network,10,0.05548742623219841,0.14544002847956453
10,data-only residual network,11,0.052724499099953206,0.134010170336832
10,data-only residual network,12,0.056271047423204025,0.13988722653675603
10,data-only residual network,13,0.056033457552963885,0.14151523269169858
10,data-only residual network,14,0.05412021275467215,0.12058625486189418
10,data-only residual network,15,0.05410106351565851,0.12913305765516822
10,data-only residual network,16,0.04908119350985088,0.1360649425062142
10,data-only residual network,17,0.054015045720592035,0.1295946052700149
10,data-only residual network,18,0.05184285647111812,0.1218771865601209
10,data-only residual network,19,0.05971790508528656,0.13166321768684577
10,data-only residual network,20,0.059370865531289826,0.12164440294386067
10,data-only residual network,21,0.05172471057026567,0.13026756469757342
10,data-only residual network,22,0.05650699949487047,0.1381661508893129
10,data-only residual network,23,0.0570509056008198,0.12614902681608775
10,data-only residual network,24,0.05708741425080466,0.12737940692994312
10,data-only residual network,25,0.05620987130987784,0.12942891596298892
10,data-only residual network,26,0.04775650611673792,0.1325375819339827
10,data-only residual network,27,0.052929795766228825,0.13459706030520008
10,data-only residual network,28,0.060668162461788966,0.14054123736984417
10,data-only residual network,29,0.051813518400658606,0.13351888658221595
10,data-only residual network,30,0.056776220620864265,0.1352217186170642
20,physics-informed residual PIRN,1,0.03339017748559672,0.07294887204263044
20,physics-informed residual PIRN,2,0.03097886127891005,0.0725755336670132
20,physics-informed residual PIRN,3,0.030087319692931703,0.06211173666499199
20,physics-informed residual PIRN,4,0.034941765406375634,0.09058274013543834
20,physics-informed residual PIRN,5,0.033268881371310274,0.08012138212683896
20,physics-informed residual PIRN,6,0.03200199413613554,0.07643624871813476
20,physics-informed residual PIRN,7,0.025783762846441093,0.08041054133675621
20,physics-informed residual PIRN,8,0.026802924562119954,0.07369702938108144
20,physics-informed residual PIRN,9,0.034027858863921095,0.07918002608146929
20,physics-informed residual PIRN,10,0.03161357955903435,0.07652314842336522
20,physics-informed residual PIRN,11,0.0328376878193246,0.0718235435735451
20,physics-informed residual PIRN,12,0.03631283559902598,0.06372004732642002
20,physics-informed residual PIRN,13,0.027724369054599417,0.05775322481281718
20,physics-informed residual PIRN,14,0.029938921365148207,0.06656500324004266
20,physics-informed residual PIRN,15,0.03197414832460667,0.08353228926089708
20,physics-informed residual PIRN,16,0.035707419753275245,0.07144763570480159
20,physics-informed residual PIRN,17,0.03023788508976911,0.08440882503823012
20,physics-informed residual PIRN,18,0.032102941095859865,0.07116831128040679
20,physics-informed residual PIRN,19,0.03199147675073593,0.08368123278174458
20,physics-informed residual PIRN,20,0.027222558232015758,0.08200926658537369
20,physics-informed residual PIRN,21,0.030080485586978255,0.07151826099455273
20,physics-informed residual PIRN,22,0.027902091158763992,0.07651468920773413
20,physics-informed residual PIRN,23,0.028310104757733,0.07883371941411306
20,physics-informed residual PIRN,24,0.028912130881691103,0.06447663986243893
20,physics-informed residual PIRN,25,0.024958100076316693,0.06964321956103878
20,physics-informed residual PIRN,26,0.027708787992912962,0.059574267999743774
20,physics-informed residual PIRN,27,0.03455790200473357,0.07020720162775564
20,physics-informed residual PIRN,28,0.02853490992318491,0.08295619610795293
20,physics-informed residual PIRN,29,0.031304527776322255,0.07978092549993342
20,physics-informed residual PIRN,30,0.034071108491970085,0.08092997201303506
20,data-only residual network,1,0.04560678171042153,0.11373130906281798
20,data-only residual network,2,0.04625646608405426,0.1058136707236617
20,data-only residual network,3,0.04768296415099873,0.10554335238789178
20,data-only residual network,4,0.049077063595624505,0.10144009305702674
20,data-only residual network,5,0.04671293253716737,0.11153764634503123
20,data-only residual network,6,0.0483288569772776,0.11793319138785528
20,data-only residual network,7,0.04717238607819824,0.10043869956659457
20,data-only residual network,8,0.046369386574535314,0.12151626376019443
20,data-only residual network,9,0.04641477040211782,0.12226879655927975
20,data-only residual network,10,0.044815057938930696,0.100472282700047
20,data-only residual network,11,0.04114582425282726,0.11255337042189123
20,data-only residual network,12,0.045441514581259015,0.10543631754170849
20,data-only residual network,13,0.048657807888626656,0.10541212151744504
20,data-only residual network,14,0.05011200881966496,0.1124502416749432
20,data-only residual network,15,0.046611388019076466,0.11635756499359286
20,data-only residual network,16,0.04891153974983639,0.1087270173785706
20,data-only residual network,17,0.04567933726230884,0.11922991958440936
20,data-only residual network,18,0.04801151993593326,0.11224295211912404
20,data-only residual network,19,0.0468303095848748,0.09912546663786798
20,data-only residual network,20,0.04370575472908709,0.10709164605367198
20,data-only residual network,21,0.045796516348695936,0.11507811101059143
20,data-only residual network,22,0.04163839751620202,0.11150776480003559
20,data-only residual network,23,0.04959569727152881,0.10399027267440591
20,data-only residual network,24,0.05026609236107628,0.10317450723420964
20,data-only residual network,25,0.04562231634279856,0.12092713635293031
20,data-only residual network,26,0.04629594780782427,0.09490614012454791
20,data-only residual network,27,0.04800053544580523,0.11529473683697396
20,data-only residual network,28,0.04688851729793008,0.11544999650869926
20,data-only residual network,29,0.04728904171654797,0.11794915040480156
20,data-only residual network,30,0.04730527667033744,0.10166615656377437
40,physics-informed residual PIRN,1,0.026923676226927287,0.05642657179677263
40,physics-informed residual PIRN,2,0.021203409715374714,0.0746815598795638
40,physics-informed residual PIRN,3,0.026193046687292977,0.06742445769730088
40,physics-informed residual PIRN,4,0.02369138217742202,0.0571616259376609
40,physics-informed residual PIRN,5,0.024024232275258517,0.06813980536069074
40,physics-informed residual PIRN,6,0.025455027418141297,0.04679894659063247
40,physics-informed residual PIRN,7,0.027745108116191027,0.057046266778650885
40,physics-informed residual PIRN,8,0.027528674328511707,0.062014829321340385
40,physics-informed residual PIRN,9,0.02637456280881311,0.04845359631579102
40,physics-informed residual PIRN,10,0.024948186079501614,0.06534480313486561
40,physics-informed residual PIRN,11,0.020401666349059582,0.06515846738414949
40,physics-informed residual PIRN,12,0.026270545377265482,0.0598808791193419
40,physics-informed residual PIRN,13,0.021790845040962285,0.06429947619476617
40,physics-informed residual PIRN,14,0.024299456091158644,0.06581709452601979
40,physics-informed residual PIRN,15,0.02876143166356068,0.06291887465535778
40,physics-informed residual PIRN,16,0.02066748604308463,0.06671916193905834
40,physics-informed residual PIRN,17,0.023823236025542625,0.06766014556036389
40,physics-informed residual PIRN,18,0.026457048139152606,0.050971190188104976
40,physics-informed residual PIRN,19,0.030571474740988213,0.062240955690765785
40,physics-informed residual PIRN,20,0.030849845877597724,0.0492647844284725
40,physics-informed residual PIRN,21,0.024505260396114257,0.06399893477271883
40,physics-informed residual PIRN,22,0.022059569528763763,0.058693358555687136
40,physics-informed residual PIRN,23,0.01757279334096707,0.0496093240789077
40,physics-informed residual PIRN,24,0.02356310225204154,0.06121657787038273
40,physics-informed residual PIRN,25,0.02489219670257586,0.06839521019423936
40,physics-informed residual PIRN,26,0.028052214061415576,0.06312332207850813
40,physics-informed residual PIRN,27,0.02438930267903792,0.056168224415814975
40,physics-informed residual PIRN,28,0.02592049515480476,0.07547874382977662
40,physics-informed residual PIRN,29,0.02284550983551454,0.05369814638571884
40,physics-informed residual PIRN,30,0.02320633014696751,0.06610646617354816
40,data-only residual network,1,0.038767789538840615,0.0955444159723392
40,data-only residual network,2,0.04145039542321164,0.09215294353148942
40,data-only residual network,3,0.039186901285746784,0.11495108085504976
40,data-only residual network,4,0.039599136512170514,0.09756044294545023
40,data-only residual network,5,0.04312855330268848,0.08975901396612537
40,data-only residual network,6,0.03626307720760514,0.08651166927932677
40,data-only residual network,7,0.04172803958537086,0.10090043242369261
40,data-only residual network,8,0.04985113728407687,0.09519532807635314
40,data-only residual network,9,0.04303936672073936,0.10321489844007113
40,data-only residual network,10,0.04173213531600125,0.09283162782600139
40,data-only residual network,11,0.03758473435256411,0.10542839182817546
40,data-only residual network,12,0.03552692215625089,0.08958721695937713
40,data-only residual network,13,0.04235109606020106,0.10657682975408334
40,data-only residual network,14,0.03822246591019976,0.10806273346963656
40,data-only residual network,15,0.0377205832958091,0.089371805515986
40,data-only residual network,16,0.03932189752168413,0.0879610246299176
40,data-only residual network,17,0.03985354308990246,0.09673555262275901
40,data-only residual network,18,0.03838032554056358,0.1077947723233542
40,data-only residual network,19,0.0401405879258968,0.0933171532748299
40,data-only residual network,20,0.03841922565134573,0.08957146907245825
40,data-only residual network,21,0.03848627461270807,0.10294301884974762
40,data-only residual network,22,0.035661856592546136,0.08387846453802666
40,data-only residual network,23,0.04079606277851501,0.09492404251055563
40,data-only residual network,24,0.041349176253113074,0.08715193589295367
40,data-only residual network,25,0.037557331844526386,0.08327773256147382
40,data-only residual network,26,0.04169566480241935,0.10667930366436289
40,data-only residual network,27,0.039766174817716465,0.10328531517316453
40,data-only residual network,28,0.037236536736644,0.1031050545014286
40,data-only residual network,29,0.04207183369994099,0.0985500546312879
40,data-only residual network,30,0.03692185776196683,0.10395046823084385
80,physics-informed residual PIRN,1,0.02597696279047655,0.048317225225444814
80,physics-informed residual PIRN,2,0.02714231904490968,0.07716551596689561
80,physics-informed residual PIRN,3,0.020805385953215648,0.048056730508942457
80,physics-informed residual PIRN,4,0.02462999736338333,0.0608495908741193
80,physics-informed residual PIRN,5,0.017125434097750143,0.06406673054344994
80,physics-informed residual PIRN,6,0.021339781116339992,0.04868569874793762
80,physics-informed residual PIRN,7,0.018865342599182548,0.04160197487269943
80,physics-informed residual PIRN,8,0.018687134213388003,0.04355936510216493
80,physics-informed residual PIRN,9,0.022112135448652887,0.040622282076150415
80,physics-informed residual PIRN,10,0.021667034500980144,0.06208592016451598
80,physics-informed residual PIRN,11,0.027862034773067836,0.04755131550730612
80,physics-informed residual PIRN,12,0.021221392324904505,0.049149821683245644
80,physics-informed residual PIRN,13,0.020025852832611088,0.06315616229899848
80,physics-informed residual PIRN,14,0.021638574663543887,0.06472971998536324
80,physics-informed residual PIRN,15,0.020803834829269504,0.04430809517195421
80,physics-informed residual PIRN,16,0.01840949365261038,0.06648968536727123
80,physics-informed residual PIRN,17,0.026213885643828254,0.06115745238883763
80,physics-informed residual PIRN,18,0.01696424462818366,0.042975105266432015
80,physics-informed residual PIRN,19,0.016652891110758794,0.03451875009499228
80,physics-informed residual PIRN,20,0.02442893957584681,0.06342694275959251
80,physics-informed residual PIRN,21,0.018614592171419125,0.05258548187996316
80,physics-informed residual PIRN,22,0.022944262991145548,0.051514984603584946
80,physics-informed residual PIRN,23,0.01921125728440906,0.047969987256438855
80,physics-informed residual PIRN,24,0.01942274112447399,0.05219420915839292
80,physics-informed residual PIRN,25,0.022437661074830733,0.04142945748538604
80,physics-informed residual PIRN,26,0.022274096737155958,0.0649533744532607
80,physics-informed residual PIRN,27,0.025712950873024554,0.06501285814968011
80,physics-informed residual PIRN,28,0.024403567389007407,0.051484017667158474
80,physics-informed residual PIRN,29,0.02537997036013751,0.05507665529731397
80,physics-informed residual PIRN,30,0.02379107773327369,0.046759805618539776
80,data-only residual network,1,0.03718489860634756,0.07825982259031158
80,data-only residual network,2,0.034696415833073035,0.08625938994699309
80,data-only residual network,3,0.03904971963048996,0.07909883191411529
80,data-only residual network,4,0.03567792204426867,0.09012645869394409
80,data-only residual network,5,0.03412406590778239,0.09950698395815866
80,data-only residual network,6,0.03705582249684535,0.09009891018320863
80,data-only residual network,7,0.036315851909650594,0.08835950436396951
80,data-only residual network,8,0.03667305847907475,0.1055154246711966
80,data-only residual network,9,0.035209419731576104,0.09181898499454708
80,data-only residual network,10,0.0361177429428991,0.090628090301732
80,data-only residual network,11,0.027707558534581345,0.0951795620759004
80,data-only residual network,12,0.03679103478921738,0.09481287097701567
80,data-only residual network,13,0.03268947850351446,0.09232234833149078
80,data-only residual network,14,0.037110330265764956,0.08002936906225168
80,data-only residual network,15,0.03870425585548966,0.08281902505687176
80,data-only residual network,16,0.03816509369596496,0.08886552745026341
80,data-only residual network,17,0.036648281438037375,0.08691976138788292
80,data-only residual network,18,0.03769977172100649,0.09757306613281193
80,data-only residual network,19,0.038713515793392765,0.07486486869357616
80,data-only residual network,20,0.03864222310150278,0.08437378162757343
80,data-only residual network,21,0.036480123335610855,0.08410801998542798
80,data-only residual network,22,0.03154623756440836,0.07488288003533636
80,data-only residual network,23,0.03707007699906935,0.09013407560490655
80,data-only residual network,24,0.03357892042212741,0.07951192242867812
80,data-only residual network,25,0.03567146660384839,0.07625352231518667
80,data-only residual network,26,0.03773502933756759,0.09015318131926665
80,data-only residual network,27,0.03392862598896007,0.0676059793748846
80,data-only residual network,28,0.03904401692411803,0.08109204920992699
80,data-only residual network,29,0.037328906474177456,0.0815349080167703
80,data-only residual network,30,0.033736637322501865,0.08129828117403709
